Executable      : siesta
Version         : 5.4.2
Architecture    : x86_64
Compiler version: GNU-14.3.0
Compiler flags  : -march=nocona -mtune=haswell -ftree-vectorize -fPIC -fstack-protector-strong -fno-plt -O2 -ffunction-sections -pipe -isystem <prefix>/include -I<prefix>/_build_env/include -fdebug-prefix-map=<prefix>/work=/usr/local/src/conda/siesta-5.4.2 -fdebug-prefix-map=<prefix>=/usr/local/src/conda-prefix -I<prefix>/lib -fallow-argument-mismatch -O3
Parallelisations: none
NetCDF support
NetCDF-4 support
Lua support
DFT-D3 support

Runtime information:
* Directory : /home/inmaculada/Escritorio/TFM/SIN_SPIN
* Running in serial mode.
>> Start of run:  27-MAY-2026  12:28:00

                           *********************** 
                           *  WELCOME TO SIESTA  * 
                           *********************** 

 NOTE: Siesta V5 introduces some new defaults for basis-set generation
 NOTE: which might lead to slightly different numerical results.
 NOTE: Please see the manual for full details and compatibility measures.


reinit: Reading from standard input
reinit: Dumping input in INPUT_TMP.33869
************************** Dump of input data file ****************************
# General system specifications
SystemName          MOS2 molecule
SystemLabel         mos2
NumberOfAtoms       3
NumberOfSpecies     2
# Species index, atomic number, species label
%block ChemicalSpeciesLabel
 1  42 Mo
 2  16 S
%endblock ChemicalSpeciesLabel
# Atomic coordinates
AtomicCoordinatesFormat Fractional
%block AtomicCoordinatesAndAtomicSpecies
   -0.00000035    0.00000056    0.26800061   1
    0.66666718    0.33333272    0.13886276   2
    0.66666717    0.33333271    0.39713732   2
%endblock AtomicCoordinatesAndAtomicSpecies
# Unit cell
LatticeConstant 3.170 Ang
%block LatticeVectors
  1.0      0.0       0.0
 -0.5      0.866025  0.0
  0.0      0.0       3.890823
%endblock LatticeVectors
%block PAO.Basis
Mo  7    # Species label, number of l-shells
 n=4   0   1        # n, l, Nzeta
       4.000
       1.000
 n=5   0   2        # n, l, Nzeta
       6.800   6.700
       1.000   1.000
 n=4   1   1        # n, l, Nzeta
       5.9
       1.000
 n=5   1   1        # n, l, Nzeta
       7.900
       1.000
 n=4   2   2         # n, l, Nzeta
       7.950   6.250
       1.000   1.000
 n=6   0   1  #diffuse s
       10.000
       1.000
 n=6   1   1  #diffuse p
       10.000
       1.000
S      4         # Species label, number of l-shells
 n=3   0   2                         # n, l, Nzeta
       7.850    5.250
       1.000    1.000
 n=3   1   2 P   1                   # n, l, Nzeta, Polarization, NzetaPol
       6.900    6.300
       1.000    1.000
 n=4   0   1  #diffuse s
       10.000
       1.000
 n=4   1   1  #diffuse p
       10.000
       1.000
%endblock PAO.Basis
# K-points
%block kgrid_Monkhorst_Pack
  12 0 0   0.0
  0 12 0   0.0
  0 0 1   0.0
%endblock kgrid_Monkhorst_Pack
# XC functional
XC.Functional GGA
XC.Authors    PBE
# Grid
MeshCutoff 300 Ry
# SCF
DM.Mixer.Method Pulay
DM.MixingWeight 0.05
DM.NumberPulay 3
MaxSCFIterations 300
WriteKbands .true.
WriteBands .true.
BandLinesScale ReciprocalLatticeVectors
%block Bandlines
  1   0.5000000000   0.000000000   0.0000   M
 30   0.0000000000   0.000000000   0.0000   \Gamma
 45   0.3333333333   0.333333333   0.0000   K
 30   0.5000000000   0.500000000   0.0000   M
%endblock BandLines
************************** End of input data file *****************************

reinit: -----------------------------------------------------------------------
reinit: System Name: MOS2 molecule
reinit: -----------------------------------------------------------------------
reinit: System Label: mos2
reinit: -----------------------------------------------------------------------

initatom: Reading input for the pseudopotentials and atomic orbitals ----------
Species number:   1 Atomic number:   42 Label: Mo
Species number:   2 Atomic number:   16 Label: S

Ground state valence configuration (from tables):   5s01  5p00  4d05  4f00
Ground state valence configuration (from tables):   3s02  3p04  3d00  4f00

---- Processing specs for species: Mo
Reading pseudopotential information in PSML from:
  Mo.psml
PSML file version: 1.1
Using libxc ids:  101 130
GGA--PBE XC_GGA_X_PBE--XC_GGA_C_PBE pb
PSML uuid: 9fbd9da0-4224-11e8-5b2e-0588bfd3c803
Semicore shell(s) with  8 electrons included in the valence for Mo

---- Processing specs for species: S
Reading pseudopotential information in PSML from:
  S.psml
PSML file version: 1.1
Using libxc ids:  101 130
GGA--PBE XC_GGA_X_PBE--XC_GGA_C_PBE pb
PSML uuid: a579a9f0-4224-11e8-4a18-1092fbf428a5

---- Pseudopotential check for Mo

Pseudopotential generated from a fully relativistic atomic calculation
There are spin-orbit semi-local pseudopotentials available

Pseudized shells:
4s( 2.00) rc: 1.46
4p( 6.00) rc: 1.46
4d( 5.00) rc: 1.35
Valence configuration for ps generation: 4s:4p:4d:5s: Total charge:  14.000000
Semicore shell(s): 4s 4p

---- Pseudopotential check for S 

Pseudopotential generated from a fully relativistic atomic calculation
There are spin-orbit semi-local pseudopotentials available

Pseudized shells:
3s( 2.00) rc: 1.45
3p( 4.00) rc: 1.45
3d( 0.00) rc: 1.62
Valence configuration for ps generation: 3s:3p: Total charge:   6.000000
S: adding empty (pol) shell: 3d
For Mo, standard SIESTA heuristics set lmxkb to 3
 (one more than the basis l, including polarization orbitals).
Use PS.lmax or PS.KBprojectors blocks to override.
Warning: More than 2 PAOs for l=0. The number of KB projs is capped at 2
Warning: More than 2 PAOs for l=1. The number of KB projs is capped at 2
For S, standard SIESTA heuristics set lmxkb to 3
 (one more than the basis l, including polarization orbitals).
Use PS.lmax or PS.KBprojectors blocks to override.
Mo pseudopotential only contains V_ls up to l=2 -- lmxkb reset.
S pseudopotential only contains V_ls up to l=2 -- lmxkb reset.

<basis_specs>
===============================================================================
Mo                   Z=  42    Mass=  95.950        Charge= 0.17977+309
Lmxo=2 Lmxkb= 2    BasisType=split      Semic=T
L=0  Nsemic=2  Cnfigmx=6
          i=1  nzeta=1  polorb=0  (4s)  (semicore shell)
            splnorm:   0.15000    
               vcte:    40.000    
               rinn:  -0.90000    
               qcoe:    0.0000    
               qyuk:    0.0000    
               qwid:   0.10000E-01
                rcs:    4.0000    
            lambdas:    1.0000    
          i=2  nzeta=2  polorb=0  (5s)
            splnorm:   0.15000    
               vcte:    40.000    
               rinn:  -0.90000    
               qcoe:    0.0000    
               qyuk:    0.0000    
               qwid:   0.10000E-01
                rcs:    6.8000      6.7000    
            lambdas:    1.0000      1.0000    
          i=3  nzeta=1  polorb=0  (6s)  (higher-lying shell (n> n_valence(l)))
            splnorm:   0.15000    
               vcte:    40.000    
               rinn:  -0.90000    
               qcoe:    0.0000    
               qyuk:    0.0000    
               qwid:   0.10000E-01
                rcs:    10.000    
            lambdas:    1.0000    
L=1  Nsemic=2  Cnfigmx=6
          i=1  nzeta=1  polorb=0  (4p)  (semicore shell)
            splnorm:   0.15000    
               vcte:    40.000    
               rinn:  -0.90000    
               qcoe:    0.0000    
               qyuk:    0.0000    
               qwid:   0.10000E-01
                rcs:    5.9000    
            lambdas:    1.0000    
          i=2  nzeta=1  polorb=0  (5p)
            splnorm:   0.15000    
               vcte:    40.000    
               rinn:  -0.90000    
               qcoe:    0.0000    
               qyuk:    0.0000    
               qwid:   0.10000E-01
                rcs:    7.9000    
            lambdas:    1.0000    
          i=3  nzeta=1  polorb=0  (6p)  (higher-lying shell (n> n_valence(l)))
            splnorm:   0.15000    
               vcte:    40.000    
               rinn:  -0.90000    
               qcoe:    0.0000    
               qyuk:    0.0000    
               qwid:   0.10000E-01
                rcs:    10.000    
            lambdas:    1.0000    
L=2  Nsemic=0  Cnfigmx=4
          i=1  nzeta=2  polorb=0  (4d)
            splnorm:   0.15000    
               vcte:    40.000    
               rinn:  -0.90000    
               qcoe:    0.0000    
               qyuk:    0.0000    
               qwid:   0.10000E-01
                rcs:    7.9500      6.2500    
            lambdas:    1.0000      1.0000    
-------------------------------------------------------------------------------
L=0  Nkbl=1  erefs: 0.17977+309
L=1  Nkbl=1  erefs: 0.17977+309
L=2  Nkbl=1  erefs: 0.17977+309
===============================================================================
</basis_specs>

Using PAO.SplitTailNorm
atom: Called for Mo                    (Z =  42)
Maximum radius (at nrval) set to   50.00000 8518

read_vps: Pseudopotential generation method:
read_vps: ONCVPSP-3.Hamann's oncvpsp                        
Valence charge in pseudo generation:   14.00000

read_vps: Pseudopotential includes a core correction:
read_vps: Pseudo-core for xc-correction

xc_check: Exchange-correlation functional:
xc_check: GGA Perdew, Burke & Ernzerhof 1996
Got Vlocal (oncv-fit) from psml data
Choosing vlocal chloc cutoff:  6.020499
qtot up to nchloc:   14.00000016
atom: Maximum radius for chlocal:    6.02050
atom: Maximum radius for r*vlocal+2*Zval:    6.02050
Reading KB projs from Mo psml data
Using (derived) scalar-relativistic projectors in PSML file

PSML: Kleinman-Bylander projectors: 
   l= 0   rc=  1.472648   Ekb=  2.697855
   l= 0   rc=  1.474132   Ekb= 27.662471
   l= 1   rc=  1.474132   Ekb= 16.007024
   l= 1   rc=  1.474132   Ekb=  2.268517
   l= 1   rc=  1.474132   Ekb=  0.002181
   l= 2   rc=  1.372412   Ekb=  5.567893
   l= 2   rc=  1.372412   Ekb=  1.945763
   l= 2   rc=  1.372412   Ekb=  0.001185

PSML: Total number of  Kleinman-Bylander projectors:  26
atom: -------------------------------------------------------------------------

atom: SANKEY-TYPE ORBITALS:
atom: Selected multiple-zeta basis: split     

SPLIT: Orbitals with angular momentum L= 0

SPLIT: Basis orbitals for state 4s
Split based on tail norm

   izeta = 1
                 lambda =    1.000000
                     rc =    4.000155
                 energy =   -4.726171
                kinetic =    2.316714
    potential(screened) =   -7.042885
       potential(ionic) =  -23.876777

SPLIT: Basis orbitals for state 5s
Split based on tail norm

   izeta = 1
                 lambda =    1.000000
                     rc =    6.802981
                 energy =   -0.278260
                kinetic =    0.858694
    potential(screened) =   -1.136954
       potential(ionic) =  -10.070880

   izeta = 2
                 rmatch =    6.708264
              splitnorm =    0.000396
                 energy =   -0.273968
* WARNING: effective split_norm is quite small. Orbitals will be very similar.
                kinetic =    0.905275
    potential(screened) =   -1.179242
       potential(ionic) =  -10.273997

SPLIT: Basis orbitals for state 6s
Split based on tail norm

   izeta = 1
                 lambda =    1.000000
                     rc =   10.012472
                 energy =    0.171085
                kinetic =    0.660535
    potential(screened) =   -0.489450
       potential(ionic) =   -6.012474

SPLIT: Orbitals with angular momentum L= 1

SPLIT: Basis orbitals for state 4p
Split based on tail norm

   izeta = 1
                 lambda =    1.000000
                     rc =    5.901087
                 energy =   -2.828037
                kinetic =    3.678491
    potential(screened) =   -6.506528
       potential(ionic) =  -22.666414

SPLIT: Basis orbitals for state 5p
Split based on tail norm

   izeta = 1
                 lambda =    1.000000
                     rc =    7.905555
                 energy =   -0.020885
                kinetic =    0.734452
    potential(screened) =   -0.755337
       potential(ionic) =   -8.079028

SPLIT: Basis orbitals for state 6p
Split based on tail norm

   izeta = 1
                 lambda =    1.000000
                     rc =   10.012472
                 energy =    0.340242
                kinetic =    0.934774
    potential(screened) =   -0.594532
       potential(ionic) =   -6.445524

SPLIT: Orbitals with angular momentum L= 2

SPLIT: Basis orbitals for state 4d
Split based on tail norm

   izeta = 1
                 lambda =    1.000000
                     rc =    7.953191
                 energy =   -0.274592
                kinetic =    3.612886
    potential(screened) =   -3.887478
       potential(ionic) =  -16.928698

   izeta = 2
                 rmatch =    6.254068
              splitnorm =    0.036106
                 energy =   -0.266545
* WARNING: effective split_norm is quite small. Orbitals will be very similar.
                kinetic =    3.846455
    potential(screened) =   -4.113000
       potential(ionic) =  -17.535961
atom: Total number of Sankey-type orbitals: 23

atm_pop: Valence configuration (for local Pseudopot. screening):
 4s( 2.00) 5s( 1.00) 6s( 0.00)                                        
 4p( 6.00) 5p( 0.00) 6p( 0.00)                                        
 4d( 5.00)                                                            
Vna: chval, zval:   14.00000  14.00000

Vna:  Cut-off radius for the neutral-atom potential:   7.953191
comcore: Pseudo-core radius Rcore=  2.301345

atom: _________________________________________________________________________

<basis_specs>
===============================================================================
S                    Z=  16    Mass=  32.060        Charge= 0.17977+309
Lmxo=2 Lmxkb= 2    BasisType=split      Semic=F
L=0  Nsemic=1  Cnfigmx=4
          i=1  nzeta=2  polorb=0  (3s)
            splnorm:   0.15000    
               vcte:    40.000    
               rinn:  -0.90000    
               qcoe:    0.0000    
               qyuk:    0.0000    
               qwid:   0.10000E-01
                rcs:    7.8500      5.2500    
            lambdas:    1.0000      1.0000    
          i=2  nzeta=1  polorb=0  (4s)  (higher-lying shell (n> n_valence(l)))
            splnorm:   0.15000    
               vcte:    40.000    
               rinn:  -0.90000    
               qcoe:    0.0000    
               qyuk:    0.0000    
               qwid:   0.10000E-01
                rcs:    10.000    
            lambdas:    1.0000    
L=1  Nsemic=1  Cnfigmx=4
          i=1  nzeta=2  polorb=1  (3p)  (to be polarized perturbatively)
            splnorm:   0.15000    
               vcte:    40.000    
               rinn:  -0.90000    
               qcoe:    0.0000    
               qyuk:    0.0000    
               qwid:   0.10000E-01
                rcs:    6.9000      6.3000    
            lambdas:    1.0000      1.0000    
          i=2  nzeta=1  polorb=0  (4p)  (higher-lying shell (n> n_valence(l)))
            splnorm:   0.15000    
               vcte:    40.000    
               rinn:  -0.90000    
               qcoe:    0.0000    
               qyuk:    0.0000    
               qwid:   0.10000E-01
                rcs:    10.000    
            lambdas:    1.0000    
L=2  Nsemic=0  Cnfigmx=3
          i=1  nzeta=0  polorb=0  (3d)  (perturbative polarization orbital) (from 3p)
-------------------------------------------------------------------------------
L=0  Nkbl=2  erefs: 0.17977+309 0.17977+309
L=1  Nkbl=2  erefs: 0.17977+309 0.17977+309
L=2  Nkbl=1  erefs: 0.17977+309
===============================================================================
</basis_specs>

Using PAO.SplitTailNorm
atom: Called for S                     (Z =  16)
Maximum radius (at nrval) set to   50.00000 8518

read_vps: Pseudopotential generation method:
read_vps: ONCVPSP-3.Hamann's oncvpsp                        
Valence charge in pseudo generation:    6.00000

read_vps: Pseudopotential includes a core correction:
read_vps: Pseudo-core for xc-correction

xc_check: Exchange-correlation functional:
xc_check: GGA Perdew, Burke & Ernzerhof 1996
Got Vlocal (oncv-fit) from psml data
Choosing vlocal chloc cutoff:  3.410647
qtot up to nchloc:    5.99950946
atom: Maximum radius for chlocal:    3.41065
atom: Maximum radius for r*vlocal+2*Zval:    3.41065
Reading KB projs from S psml data
Using (derived) scalar-relativistic projectors in PSML file

PSML: Kleinman-Bylander projectors: 
   l= 0   rc=  1.472648   Ekb=  1.148672
   l= 0   rc=  1.471166   Ekb= 13.527193
   l= 1   rc=  1.472648   Ekb=  6.457790
   l= 1   rc=  1.472648   Ekb=  1.776939
   l= 1   rc=  1.472648   Ekb=  0.000657
   l= 2   rc=  1.638441   Ekb= -7.094936
   l= 2   rc=  1.638441   Ekb= -1.972972

PSML: Total number of  Kleinman-Bylander projectors:  21
atom: -------------------------------------------------------------------------

atom: SANKEY-TYPE ORBITALS:
atom: Selected multiple-zeta basis: split     

SPLIT: Orbitals with angular momentum L= 0

SPLIT: Basis orbitals for state 3s
Split based on tail norm

   izeta = 1
                 lambda =    1.000000
                     rc =    7.858204
                 energy =   -1.268132
                kinetic =    0.914264
    potential(screened) =   -2.182396
       potential(ionic) =   -7.095595

   izeta = 2
                 rmatch =    5.253677
              splitnorm =    0.019308
                 energy =   -1.259016
* WARNING: effective split_norm is quite small. Orbitals will be very similar.
                kinetic =    1.017371
    potential(screened) =   -2.276387
       potential(ionic) =   -7.261778

SPLIT: Basis orbitals for state 4s
Split based on tail norm

   izeta = 1
                 lambda =    1.000000
                     rc =   10.012472
                 energy =    0.015455
                kinetic =    0.303199
    potential(screened) =   -0.287744
       potential(ionic) =   -2.646855

SPLIT: Orbitals with angular momentum L= 1

SPLIT: Basis orbitals for state 3p
Split based on tail norm

   izeta = 1
                 lambda =    1.000000
                     rc =    6.899034
                 energy =   -0.513274
                kinetic =    1.408277
    potential(screened) =   -1.921552
       potential(ionic) =   -6.473169

   izeta = 2
                 rmatch =    6.304382
              splitnorm =    0.007007
                 energy =   -0.506181
* WARNING: effective split_norm is quite small. Orbitals will be very similar.
                kinetic =    1.520500
    potential(screened) =   -2.026681
       potential(ionic) =   -6.676976

SPLIT: Basis orbitals for state 4p
Split based on tail norm

   izeta = 1
                 lambda =    1.000000
                     rc =   10.012472
                 energy =    0.139170
                kinetic =    0.459580
    potential(screened) =   -0.320410
       potential(ionic) =   -2.535174

POLgen: Perturbative polarization orbital with L=  2

POLgen: Polarization orbital for state 3p
Split based on tail norm

   izeta = 1
                     rc =    6.899034
                 energy =    0.452181
                kinetic =    2.561837
    potential(screened) =   -2.109656
       potential(ionic) =   -6.393564
atom: Total number of Sankey-type orbitals: 17

atm_pop: Valence configuration (for local Pseudopot. screening):
 3s( 2.00) 4s( 0.00)                                                  
 3p( 4.00) 4p( 0.00)                                                  
 3d( 0.00)                                                            
Vna: chval, zval:    6.00000   6.00000

Vna:  Cut-off radius for the neutral-atom potential:   7.858204
comcore: Pseudo-core radius Rcore=  2.197432

atom: _________________________________________________________________________

prinput: Basis input 

PAO.BasisType split     

%block ChemicalSpeciesLabel
    1   42 Mo                      # Species index, atomic number, species label
    2   16 S                       # Species index, atomic number, species label
%endblock ChemicalSpeciesLabel

%block PAO.Basis                 # Define Basis set
# WARNING: This information might be incomplete!
Mo                    7                    # Species label, number of l-shells
 n=4   0   1                         # n, l, Nzeta 
   4.000   
   1.000   
 n=5   0   2                         # n, l, Nzeta 
   6.803      6.708   
   1.000      1.000   
 n=6   0   1                         # n, l, Nzeta 
  10.012   
   1.000   
 n=4   1   1                         # n, l, Nzeta 
   5.901   
   1.000   
 n=5   1   1                         # n, l, Nzeta 
   7.906   
   1.000   
 n=6   1   1                         # n, l, Nzeta 
  10.012   
   1.000   
 n=4   2   2                         # n, l, Nzeta 
   7.953      6.254   
   1.000      1.000   
S                     4                    # Species label, number of l-shells
 n=3   0   2                         # n, l, Nzeta 
   7.858      5.254   
   1.000      1.000   
 n=4   0   1                         # n, l, Nzeta 
  10.012   
   1.000   
 n=3   1   2 P   1                   # n, l, Nzeta, Polarization, NzetaPol
   6.899      6.304   
   1.000      1.000   
 n=4   1   1                         # n, l, Nzeta 
  10.012   
   1.000   
%endblock PAO.Basis

prinput: ----------------------------------------------------------------------

Dumping basis to NetCDF file Mo.ion.nc
Dumping basis to NetCDF file S.ion.nc
coor:   Atomic-coordinates input format  =     Fractional

siesta: Atomic coordinates (Bohr) and species
siesta:     -0.00000   0.00000   6.24648  1        1
siesta:      2.99522   1.72928   3.23657  2        2
siesta:      2.99522   1.72928   9.25636  2        3

siesta: System type = slab      

initatomlists: Number of atoms, orbitals, and projectors:      3    57    68

siesta: ******************** Simulation parameters ****************************
siesta:
siesta: The following are some of the parameters of the simulation.
siesta: A complete list of the parameters used, including default values,
siesta: can be found in file out.fdf
siesta:
redata: Spin configuration                          = none
redata: Number of spin components                   = 1
redata: Time-Reversal Symmetry                      = T
redata: Spin spiral                                 = F
redata: Long output                                 =   F
redata: Number of Atomic Species                    =        2
redata: Charge density info will appear in .RHO file
redata: Write Mulliken charges (when)               = none
redata: Write Mulliken Pop.                         = NO
redata: Write Hirshfeld charges (when)              = none
redata: Write Voronoi charges (when)                = none
redata: Write spin charge (when)                    = none
redata: Matel table size (NRTAB)                    =     1024
redata: Mesh Cutoff                                 =   300.0000 Ry
redata: Net charge of the system                    =     0.0000 |e|
redata: Min. number of SCF Iter                     =        0
redata: Max. number of SCF Iter                     =      300
redata: SCF convergence failure will abort job
redata: SCF mix quantity                            = Hamiltonian
redata: Mix DM or H after convergence               =   F
redata: Recompute H after scf cycle                 =   F
redata: Mix DM in first SCF step                    =   T
redata: Write Pulay info on disk                    =   F
redata: New DM Occupancy tolerance                  = 0.000000000001
redata: No kicks to SCF
redata: DM Mixing Weight for Kicks                  =     0.5000
redata: Require Harris convergence for SCF          =   F
redata: Harris energy tolerance for SCF             =     0.000100 eV
redata: Require DM convergence for SCF              =   T
redata: DM tolerance for SCF                        =     0.000100
redata: Require EDM convergence for SCF             =   F
redata: EDM tolerance for SCF                       =     0.001000 eV
redata: Require H convergence for SCF               =   T
redata: Hamiltonian tolerance for SCF               =     0.001000 eV
redata: Require (free) Energy convergence for SCF   =   F
redata: (free) Energy tolerance for SCF             =     0.000100 eV
redata: Using DFT-D3 dispersion                     =   F
redata: Using Saved Data (generic)                  =   F
redata: Use continuation files for DM               =   T
redata: Neglect nonoverlap interactions             =   F
redata: Method of Calculation                       = Diagonalization
redata: Electronic Temperature                      =   300.0000 K
redata: Fix the spin of the system                  =   F
redata: Max. number of TDED Iter                    =        1
redata: Number of TDED substeps                     =        3
redata: Dynamics option                             = Single-point calculation
mix.SCF: Pulay mixing                            = Pulay
mix.SCF:    Variant                              = stable
mix.SCF:    History steps                        = 3
mix.SCF:    Linear mixing weight                 =     0.050000
mix.SCF:    Mixing weight                        =     0.050000
mix.SCF:    SVD condition                        = 0.1000E-07
redata: Save all siesta data in one NC              =   F
redata: ***********************************************************************

%block SCF.Mixers
  Pulay
%endblock SCF.Mixers

%block SCF.Mixer.Pulay
  # Mixing method
  method pulay
  variant stable

  # Mixing options
  weight 0.0500
  weight.linear 0.0500
  history 3
%endblock SCF.Mixer.Pulay

DM_history_depth set to one: no extrapolation allowed by default for geometry relaxation
Size of DM history Fstack: 1
Total number of electrons:    26.000000
Total ionic charge:    26.000000
k-point displ. along   1 input, could be:     0.00    0.50
k-point displ. along   2 input, could be:     0.00    0.50
 Kpoints in:           84 . Kpoints trimmed:           79

siesta: k-grid: Number of k-points = 79
siesta: k-points from Monkhorst-Pack grid
siesta: k-cutoff (effective) =     6.167 Ang
siesta: k-point supercell and displacements
siesta: k-grid:    12     0     0      0.000
siesta: k-grid:     0    12     0      0.000
siesta: k-grid:     0     0     1      0.000

diag: Algorithm                                     = D&C
diag: Used triangular part                          = Lower
diag: Absolute tolerance                            =  0.100E-15
diag: Orthogonalization factor                      =  0.100E-05
diag: Memory factor                                 =  1.0000
Using current reciprocal lattice vectors for BandLinesScale
Beware any cell changes by the end of the run.
Using current reciprocal lattice vectors for BandLinesScale
Beware any cell changes by the end of the run.

superc: Internal auxiliary supercell:     9 x     9 x     3  =     243
superc: Number of atoms, orbitals, and projectors:    729  13851  16524


ts: **************************************************************
ts: Save H and S matrices                           =    F
ts: Save TSHS files in MD/FC simulation             =    F
ts: Save DM and EDM matrices                        =    F
ts: Only save the overlap matrix S                  =    F
ts: **************************************************************

************************ Begin: TS CHECKS AND WARNINGS ************************
************************ End: TS CHECKS AND WARNINGS **************************


                     ====================================
                        Single-point calculation
                     ====================================

superc: Internal auxiliary supercell:     9 x     9 x     3  =     243
superc: Number of atoms, orbitals, and projectors:    729  13851  16524

outcell: Unit cell vectors (Ang):
        3.170000    0.000000    0.000000
       -1.585000    2.745299    0.000000
        0.000000    0.000000   12.333909

outcell: Cell vector modules (Ang)   :    3.170000    3.169999   12.333909
outcell: Cell angles (23,13,12) (deg):     90.0000     90.0000    120.0000
outcell: Cell volume (Ang**3)        :    107.3371
<dSpData1D:S at geom step 0
  <sparsity:sparsity for geom step 0
    nrows_g=57 nrows=57 sparsity=23.6802 nnzs=76937, refcount: 7>
  <dData1D:(new from dSpData1D) n=76937, refcount: 1>
refcount: 1>
new_DM -- step:     1
Initializing Density Matrix...

Attempting to read DM from file... Succeeded...
DM from file:
<dSpData2D:IO-DM: mos2.DM
  <sparsity:IO-DM: mos2.DM
    nrows_g=57 nrows=57 sparsity=23.6802 nnzs=76937, refcount: 1>
  <dData2D:(new from dSpData2D) n=76937 m=1, refcount: 1>
refcount: 1>
DM to be used:
<dSpData2D:Re-structured SpM
  <sparsity:sparsity for geom step 0
    nrows_g=57 nrows=57 sparsity=23.6802 nnzs=76937, refcount: 8>
  <dData2D:(new in restruct) n=76937 m=1, refcount: 1>
refcount: 1>
No. of atoms with KB's overlaping orbs in proc 0. Max # of overlaps:      45     425

InitMesh: MESH = 30 x 30 x 144 = 129600
InitMesh: Mesh cutoff (required, used) =   300.000   330.039 Ry
New grid distribution [1]: sub = 2

stepf: Fermi-Dirac step function

siesta: Program's energy decomposition (eV):
siesta: Ebs     =      -575.705584
siesta: Eions   =      4469.017586
siesta: Ena     =      1260.118442
siesta: Ekin    =       812.712229
siesta: Enl     =       314.795129
siesta: Eso     =         0.000000
siesta: Edftu   =         0.000000
siesta: DEna    =        18.694255
siesta: DUscf   =         0.817086
siesta: DUext   =         0.000000
siesta: Ex      =      -415.460945
siesta: Ec      =       -37.336484
siesta: Exc     =      -452.797429
siesta: EbV     =         0.000000
siesta: eta*DQ  =         0.000000
siesta: Emadel  =         0.000000
siesta: Emeta   =         0.000000
siesta: Emolmec =         0.000000
siesta: Ekinion =         0.000000
siesta: Eharris =     -2514.677873
siesta: Etot    =     -2514.677874
siesta: FreeEng =     -2514.677874

        iscf     Eharris(eV)        E_KS(eV)     FreeEng(eV)     dDmax    Ef(eV) dHmax(eV)
   scf:    1    -2514.677873    -2514.677874    -2514.677874  0.000558 -5.000986  0.002770
timer: Routine,Calls,Time,% = IterSCF        1       3.255  23.82
   scf:    2    -2514.677874    -2514.677874    -2514.677874  0.000104 -5.001124  0.001787
   scf:    3    -2514.677874    -2514.677874    -2514.677874  0.000156 -5.001338  0.000247
   scf:    4    -2514.677874    -2514.677874    -2514.677874  0.000047 -5.001356  0.000011

SCF Convergence by DM+H criterion
max |DM_out - DM_in|         :     0.0000468442
max |H_out - H_in|      (eV) :     0.0000112760
SCF cycle converged after 4 iterations

Using DM_out to compute the final energy and forces
No. of atoms with KB's overlaping orbs in proc 0. Max # of overlaps:      45     425

siesta: E_KS(eV) =            -2514.6779

siesta: E_KS - E_eggbox =     -2514.6779

siesta: Atomic forces (eV/Ang):
----------------------------------------
   Tot    0.000000    0.000001   -0.000567
----------------------------------------
   Max    0.018445
   Res    0.008578    sqrt( Sum f_i^2 / 3N )
----------------------------------------
   Max    0.018445    constrained

Stress tensor Voigt[x,y,z,yz,xz,xy] (kbar):       -8.37       -8.37        0.74       -0.00       -0.00        0.00
(Free)E + p*V (eV/cell)    -2514.3204
Target enthalpy (eV/cell)    -2514.6779
Computing bands...

diag: Algorithm                                     = D&C
diag: Used triangular part                          = Lower
diag: Absolute tolerance                            =  0.100E-15
diag: Orthogonalization factor                      =  0.100E-05
diag: Memory factor                                 =  1.0000

siesta: Band k vectors (Bohr**-1):
  ik            k
   1     0.524435     0.302783     0.000000
   2     0.506954     0.292690     0.000000
   3     0.489473     0.282597     0.000000
   4     0.471992     0.272505     0.000000
   5     0.454510     0.262412     0.000000
   6     0.437029     0.252319     0.000000
   7     0.419548     0.242226     0.000000
   8     0.402067     0.232134     0.000000
   9     0.384586     0.222041     0.000000
  10     0.367105     0.211948     0.000000
  11     0.349623     0.201855     0.000000
  12     0.332142     0.191762     0.000000
  13     0.314661     0.181670     0.000000
  14     0.297180     0.171577     0.000000
  15     0.279699     0.161484     0.000000
  16     0.262218     0.151391     0.000000
  17     0.244736     0.141299     0.000000
  18     0.227255     0.131206     0.000000
  19     0.209774     0.121113     0.000000
  20     0.192293     0.111020     0.000000
  21     0.174812     0.100928     0.000000
  22     0.157331     0.090835     0.000000
  23     0.139849     0.080742     0.000000
  24     0.122368     0.070649     0.000000
  25     0.104887     0.060557     0.000000
  26     0.087406     0.050464     0.000000
  27     0.069925     0.040371     0.000000
  28     0.052444     0.030278     0.000000
  29     0.034962     0.020186     0.000000
  30     0.017481     0.010093     0.000000
  31     0.000000     0.000000     0.000000
  32     0.007769     0.013457     0.000000
  33     0.015539     0.026914     0.000000
  34     0.023308     0.040371     0.000000
  35     0.031078     0.053828     0.000000
  36     0.038847     0.067285     0.000000
  37     0.046616     0.080742     0.000000
  38     0.054386     0.094199     0.000000
  39     0.062155     0.107656     0.000000
  40     0.069925     0.121113     0.000000
  41     0.077694     0.134570     0.000000
  42     0.085463     0.148027     0.000000
  43     0.093233     0.161484     0.000000
  44     0.101002     0.174941     0.000000
  45     0.108772     0.188398     0.000000
  46     0.116541     0.201855     0.000000
  47     0.124311     0.215312     0.000000
  48     0.132080     0.228769     0.000000
  49     0.139849     0.242226     0.000000
  50     0.147619     0.255683     0.000000
  51     0.155388     0.269140     0.000000
  52     0.163158     0.282597     0.000000
  53     0.170927     0.296054     0.000000
  54     0.178696     0.309511     0.000000
  55     0.186466     0.322968     0.000000
  56     0.194235     0.336425     0.000000
  57     0.202005     0.349882     0.000000
  58     0.209774     0.363339     0.000000
  59     0.217543     0.376796     0.000000
  60     0.225313     0.390253     0.000000
  61     0.233082     0.403711     0.000000
  62     0.240852     0.417168     0.000000
  63     0.248621     0.430625     0.000000
  64     0.256390     0.444082     0.000000
  65     0.264160     0.457539     0.000000
  66     0.271929     0.470996     0.000000
  67     0.279699     0.484453     0.000000
  68     0.287468     0.497910     0.000000
  69     0.295238     0.511367     0.000000
  70     0.303007     0.524824     0.000000
  71     0.310776     0.538281     0.000000
  72     0.318546     0.551738     0.000000
  73     0.326315     0.565195     0.000000
  74     0.334085     0.578652     0.000000
  75     0.341854     0.592109     0.000000
  76     0.349623     0.605566     0.000000
  77     0.355450     0.615659     0.000000
  78     0.361278     0.625751     0.000000
  79     0.367105     0.635844     0.000000
  80     0.372932     0.645937     0.000000
  81     0.378759     0.656030     0.000000
  82     0.384586     0.666122     0.000000
  83     0.390413     0.676215     0.000000
  84     0.396240     0.686308     0.000000
  85     0.402067     0.696401     0.000000
  86     0.407894     0.706493     0.000000
  87     0.413721     0.716586     0.000000
  88     0.419548     0.726679     0.000000
  89     0.425375     0.736772     0.000000
  90     0.431202     0.746864     0.000000
  91     0.437029     0.756957     0.000000
  92     0.442856     0.767050     0.000000
  93     0.448683     0.777143     0.000000
  94     0.454510     0.787235     0.000000
  95     0.460337     0.797328     0.000000
  96     0.466165     0.807421     0.000000
  97     0.471992     0.817514     0.000000
  98     0.477819     0.827607     0.000000
  99     0.483646     0.837699     0.000000
 100     0.489473     0.847792     0.000000
 101     0.495300     0.857885     0.000000
 102     0.501127     0.867978     0.000000
 103     0.506954     0.878070     0.000000
 104     0.512781     0.888163     0.000000
 105     0.518608     0.898256     0.000000
 106     0.524435     0.908349     0.000000

siesta: Band energies (eV):
  ik is       eps
   1  1  -66.8906  -41.2235  -41.0095  -40.9346  -18.0561  -17.9164  -11.6248  -10.6800   -9.9412   -8.9686
          -7.8329   -6.7210   -6.5341   -3.6619   -3.1719   -1.9365   -1.6767    0.4034    2.3248    2.5254
    3.5033    4.4648    5.7269    6.1686    6.5769    7.7201    9.1095   10.1481   10.9419   11.7246
   12.4736   12.6036   12.9721   14.5481   16.8867   16.9749   17.8258   20.7905   23.0611   23.9720
   26.2849   26.5039   28.6190   28.9820   34.6594   38.5539   41.4578   42.9243   49.1728   53.1334
   55.5071   65.8451   67.4530   74.3651  104.3778  120.0825  146.2615
   2  1  -66.8907  -41.2225  -41.0097  -40.9343  -18.0630  -17.9191  -11.6176  -10.6730   -9.9376   -8.9653
          -7.8303   -6.7249   -6.5421   -3.6634   -3.1798   -1.9422   -1.6784    0.4265    2.3246    2.5168
    3.4999    4.4515    5.7346    6.1662    6.5804    7.7716    9.1376   10.1432   10.9498   11.7218
   12.4650   12.5535   12.9563   14.4713   16.9096   16.9803   17.8480   20.8323   23.2497   24.0065
   26.2712   26.5483   28.6388   29.0850   34.6808   38.4778   41.4716   42.7265   49.2340   53.0162
   55.4456   65.8220   67.0530   72.9649  104.3508  119.7549  146.4021
   3  1  -66.8910  -41.2195  -41.0103  -40.9336  -18.0834  -17.9272  -11.5963  -10.6521   -9.9271   -8.9553
          -7.8222   -6.7366   -6.5655   -3.6678   -3.2027   -1.9593   -1.6834    0.4946    2.3244    2.4914
    3.4894    4.4130    5.7578    6.1676    6.5928    7.9149    9.2165   10.1284   10.9726   11.7235
   12.4109   12.4439   12.9102   14.2573   16.9789   16.9983   17.9122   20.9548   23.7903   24.1080
   26.2339   26.6807   28.7045   29.3900   34.7451   38.2633   41.5099   42.1152   49.3076   52.7879
   55.2674   65.0990   65.7578   70.6738  104.2839  118.8126  146.8323
   4  1  -66.8915  -41.2145  -41.0113  -40.9324  -18.1170  -17.9406  -11.5613  -10.6175   -9.9103   -8.9387
          -7.8088   -6.7562   -6.6025   -3.6744   -3.2386   -1.9878   -1.6919    0.6041    2.3253    2.4508
    3.4708    4.3535    5.7966    6.1885    6.6185    8.1245    9.3275   10.1033   11.0078   11.7616
   12.1959   12.4254   12.8377   13.9464   17.0310   17.0959   18.0127   21.1495   24.2704   24.6134
   26.1841   26.8982   28.8403   29.8859   34.8525   37.9445   41.0709   41.5639   49.0858   52.7946
   54.9905   61.4726   65.6660   69.7590  104.2173  117.3746  147.5568
   5  1  -66.8922  -41.2076  -41.0127  -40.9308  -18.1628  -17.9589  -11.5138  -10.5698   -9.8885   -8.9155
          -7.7898   -6.7837   -6.6499   -3.6825   -3.2849   -2.0275   -1.7040    0.7493    2.3285    2.3969
    3.4441    4.2807    5.8508    6.2387    6.6627    8.3709    9.4343   10.0672   11.0527   11.8907
   11.9322   12.4401   12.7443   13.5854   17.0771   17.2600   18.1437   21.4041   24.4846   25.6023
   26.1424   27.1954   29.1108   30.5528   35.0032   37.5630   39.6647   41.6197   48.3872   53.2801
   54.6415   58.1951   65.5661   69.5374  104.2128  115.6175  148.5408
   6  1  -66.8931  -41.1989  -41.0145  -40.9287  -18.2198  -17.9818  -11.4551  -10.5096   -9.8632   -8.8859
          -7.7652   -6.8193   -6.7037   -3.6908   -3.3386   -2.0783   -1.7199    0.9232    2.3328    2.3344
    3.4107    4.2040    5.9196    6.3179    6.7289    8.6191    9.4911   10.0198   11.1039   11.6402
   12.1644   12.5436   12.6362   13.2296   17.1325   17.4675   18.3013   21.7004   24.7398   26.1416
   26.5560   27.5640   29.6659   31.3619   35.1963   37.1624   38.1028   41.6599   47.4025   54.1282
   54.2521   55.9940   65.4798   69.5243  104.3456  113.7323  149.7040
   7  1  -66.8942  -41.1885  -41.0167  -40.9262  -18.2868  -18.0089  -11.3868  -10.4376   -9.8364   -8.8498
          -7.7348   -6.8630   -6.7592   -3.6980   -3.3970   -2.1397   -1.7397    1.1170    2.2625    2.3413
    3.3755    4.1325    6.0010    6.4187    6.8184    8.8219    9.4692    9.9604   11.1543   11.3341
   12.4452   12.5192   12.8230   13.0992   17.1927   17.7135   18.4833   22.0090   25.0251   26.2322
   27.2325   27.9914   30.6940   32.2749   35.4295   36.6191   36.7943   41.6656   46.3717   53.8558
   54.7089   55.1735   65.4299   69.5970  104.6936  111.8821  150.9417
   8  1  -66.8955  -41.1763  -41.0192  -40.9233  -18.3623  -18.0397  -11.3108  -10.3548   -9.8103   -8.8075
          -7.6987   -6.9146   -6.8113   -3.7028   -3.4577   -2.2111   -1.7638    1.3185    2.1931    2.3446
    3.3468    4.0736    6.0926    6.5309    6.9303    8.9303    9.3732    9.8891   11.0232   11.1924
   12.2504   12.3986   13.3736   13.7125   17.2544   17.9979   18.6893   22.2849   25.3306   26.4798
   27.6037   28.4590   32.1605   33.2449   35.3564   35.6980   36.5306   41.6191   45.4413   53.4845
   54.0477   56.3378   65.4413   69.7156  105.3253  110.1802  152.1541
   9  1  -66.8969  -41.1627  -41.0219  -40.9201  -18.4450  -18.0737  -11.2295  -10.2622   -9.7868   -8.7592
          -7.6567   -6.9738   -6.8549   -3.7038   -3.5186   -2.2915   -1.7923    1.5063    2.1407    2.3367
    3.3368    4.0323    6.1914    6.6443    7.0620    8.9228    9.2243    9.8061   10.7128   11.2116
   11.9148   12.2781   14.2290   14.7280   17.3186   18.3343   18.9196   22.4789   25.6490   26.9398
   27.8089   28.9385   33.8433   34.2212   34.3645   35.9936   36.4732   41.5111   44.6874   53.1670
   53.8007   57.6114   65.5444   69.8622  106.2882  108.6895  153.2736
  10  1  -66.8985  -41.1477  -41.0250  -40.9165  -18.5334  -18.1104  -11.1455  -10.1609   -9.7674   -8.7049
          -7.6090   -7.0403   -6.8853   -3.6999   -3.5779   -2.3797   -1.8254    1.6350    2.1451    2.3091
    3.3578    4.0112    6.2942    6.7512    7.2091    8.8158    9.0418    9.7120   10.4073   11.2138
   11.5798   12.1605   15.2987   15.9405   17.4070   18.7663   19.1743   22.5684   25.9760   27.6002
   27.9574   29.3864   33.6536   35.1654   35.5143   36.3051   36.7444   41.3557   44.1451   52.9279
   53.8450   59.0295   65.7719   70.0272  107.4317  107.6006  154.2885
  11  1  -66.9001  -41.1314  -41.0283  -40.9127  -18.6262  -18.1491  -11.0622  -10.0518   -9.7523   -8.6450
          -7.5558   -7.1133   -6.8986   -3.6902   -3.6340   -2.4739   -1.8635    1.6569    2.2490    2.2568
    3.4180    4.0112    6.3976    6.8459    7.3660    8.6426    8.8383    9.6078   10.1109   11.2046
   11.2663   12.0470   16.3576   16.9876   17.7665   19.3800   19.4533   22.5718   26.3111   28.1265
   28.3477   29.7390   33.2352   36.0360   36.6179   36.9143   37.4708   41.2269   43.8359   52.7875
   54.1132   60.6358   66.1359   70.2045  106.3984  109.2491  155.2685
  12  1  -66.9019  -41.1141  -41.0318  -40.9086  -18.7219  -18.1895  -10.9835   -9.9362   -9.7402   -8.5798
          -7.4975   -7.1920   -6.8926   -3.6853   -3.6743   -2.5725   -1.9066    1.6020    2.1808    2.4177
    3.5180    4.0311    6.4983    6.9229    7.5243    8.4367    8.6219    9.4946    9.8298   10.9816
   11.1897   11.9387   17.1649   17.2349   18.8671   19.7558   20.2262   22.5366   26.6572   28.3922
   29.0366   29.9303   33.1200   36.6726   36.9166   37.7276   38.7774   41.2876   43.7896   52.7609
   54.5690   62.4134   66.5848   70.3906  105.5588  111.1862  156.3838
  13  1  -66.9038  -41.0959  -41.0355  -40.9043  -18.8194  -18.2309  -10.9145   -9.8151   -9.7272   -8.5096
          -7.4346   -7.2755   -6.8666   -3.7303   -3.6517   -2.6731   -1.9548    1.5156    2.0866    2.6020
    3.6534    4.0680    6.5919    6.9735    7.6717    8.2291    8.3988    9.3737    9.5745   10.7299
   11.1749   11.8358   17.2690   17.6859   19.9302   20.0807   21.1387   22.5531   27.0204   28.8267
   29.6139   29.9487   33.2685   36.9867   37.1866   37.8289   40.4691   41.5893   44.0719   52.8582
   55.1927   64.2124   66.9792   70.5831  104.8664  113.3244  157.8918
  14  1  -66.9057  -41.0770  -41.0393  -40.8999  -18.9175  -18.2729  -10.8610   -9.7081   -9.6897   -8.4347
          -7.3681   -7.3625   -6.8218   -3.7672   -3.6226   -2.7737   -2.0082    1.4166    1.9802    2.7800
    3.8176    4.1164    6.6719    6.9844    7.7877    8.0509    8.1767    9.2463    9.3637   10.5136
   11.1656   11.7387   17.2611   18.0323   20.4264   20.6460   21.7143   22.8679   27.4083   29.4475
   29.8511   30.1326   33.5796   37.0156   37.4170   37.5121   41.8907   42.0203   44.8449   53.0840
   55.9731   65.7710   67.1451   70.7789  104.2651  115.5364  160.0634
  15  1  -66.9077  -41.0576  -41.0432  -40.8953  -19.0152  -18.3151  -10.8281   -9.6764   -9.5610   -8.3558
          -7.4520   -7.2991   -6.7610   -3.7943   -3.5872   -2.8718   -2.0668    1.3122    1.8670    2.9422
    4.0038    4.1682    6.7276    6.9436    7.8413    7.9287    7.9679    9.1137    9.2266   10.3340
   11.1664   11.6478   17.2328   18.2944   20.7914   20.9857   21.8187   23.5355   27.8291   29.7016
   30.1659   30.6682   33.9536   36.8186   37.1302   37.6034   42.0098   43.0062   46.2254   53.4373
   56.9034   66.8856   66.9832   70.9725  103.7003  117.6784  163.0669
  16  1  -66.9097  -41.0471  -41.0379  -40.8907  -19.1114  -18.3569  -10.8193   -9.6274   -9.4300   -8.2732
          -7.5428   -7.2293   -6.6879   -3.8097   -3.5459   -2.9650   -2.1302    1.2057    1.7509    3.0824
    4.2053    4.2138    6.7421    6.8597    7.7924    7.8045    7.8679    8.9776    9.1899   10.1915
   11.1798   11.5637   17.1932   18.5211   21.0429   21.1739   21.7761   24.2206   28.2897   29.5380
   30.8187   31.2679   34.3286   36.4600   36.9214   37.7488   41.9329   43.5363   47.9122   53.9123
   57.9788   66.5212   67.5799   71.1546  103.1334  119.6316  166.8892
  17  1  -66.9117  -41.0510  -41.0182  -40.8861  -19.2052  -18.3979  -10.8346   -9.5594   -9.2974   -8.1876
          -7.6336   -7.1606   -6.6073   -3.8116   -3.4994   -3.0507   -2.1983    1.0994    1.6349    3.1933
    4.2459    4.4134    6.6976    6.7647    7.6737    7.6807    7.8493    8.8397    9.2490   10.0858
   11.2052   11.4868   17.1504   18.7402   20.9453   21.5724   21.7089   24.8197   28.7940   29.3774
   31.2754   31.9384   34.6755   35.9997   37.0090   37.8638   41.7217   43.7890   49.6183   54.4996
   59.1954   65.8697   68.0860   71.3118  102.5557  121.3272  171.3512
  18  1  -66.9136  -41.0549  -40.9986  -40.8816  -19.2960  -18.4377  -10.8704   -9.4739   -9.1642   -8.0998
          -7.7232   -7.0956   -6.5237   -3.7985   -3.4486   -3.1263   -2.2706    0.9945    1.5212    3.2632
    4.2668    4.6149    6.5971    6.6907    7.5019    7.6198    7.8494    8.7020    9.3710   10.0163
   11.2382   11.4178   17.1108   18.9701   20.8081   21.6448   21.9851   25.3291   29.2265   29.3410
   31.5308   32.6381   34.9877   35.5035   37.3615   37.9657   41.4660   43.8183   51.2487   55.1875
   60.5491   65.1481   68.6579   71.4279  101.9898  122.7430  176.1814
  19  1  -66.9155  -41.0587  -40.9794  -40.8771  -19.3828  -18.4760  -10.9218   -9.3748   -9.0308   -8.0105
          -7.8107   -7.0370   -6.4414   -3.7691   -3.3942   -3.1892   -2.3464    0.8922    1.4115    3.2754
    4.2928    4.7868    6.4790    6.6539    7.2982    7.6133    7.8539    8.5668    9.5246    9.9824
   11.2716   11.3567   17.0752   19.2247   20.7325   21.5910   22.4094   25.7596   29.0878   29.9229
   31.6810   33.2214   35.1050   35.2744   37.8124   38.0772   41.2828   43.6760   52.7994   55.9630
   62.0349   64.4424   69.3734   71.4871  101.4713  123.8853  181.0907
  20  1  -66.9174  -41.0624  -40.9608  -40.8728  -19.4651  -18.5123  -10.9834   -9.2662   -8.8979   -7.9207
          -7.8948   -6.9877   -6.3643   -3.7228   -3.3375   -3.2373   -2.4248    0.7929    1.3071    3.2181
    4.3451    4.8927    6.4011    6.6534    7.0886    7.6306    7.8567    8.4363    9.6903    9.9837
   11.2968   11.3036   17.0331   19.5148   20.8171   21.5501   22.8414   26.1221   28.9619   30.5242
   31.8265   33.3379   35.1068   35.5547   38.1527   38.2246   41.3170   43.4529   54.3102   56.8124
   63.6441   63.7989   70.0702   71.4790  101.0024  124.7723  185.8248
  21  1  -66.9192  -41.0659  -40.9429  -40.8687  -19.5423  -18.5465  -11.0504   -9.1524   -8.7657   -7.9748
          -7.8314   -6.9506   -6.2951   -3.6601   -3.2795   -3.2688   -2.5048    0.6971    1.2092    3.0977
    4.4328    4.8956    6.4123    6.6780    6.8838    7.6565    7.8577    8.3129    9.8563   10.0195
   11.2580   11.3058   16.9637   19.8463   21.1639   21.5279   23.2753   26.4289   28.8490   31.1214
   32.0258   32.9599   35.4590   35.8530   38.2575   38.4360   41.6608   43.2544   55.8237   57.7209
   63.2366   65.3578   70.4671   71.4063  100.4998  125.4234  190.1943
  22  1  -66.9208  -41.0692  -40.9261  -40.8648  -19.6138  -18.5782  -11.1190   -9.0370   -8.6346   -8.0497
          -7.7437   -6.9282   -6.2354   -3.5825   -3.2829   -3.2216   -2.5852    0.6051    1.1186    2.9350
    4.5514    4.7952    6.5160    6.6907    6.7134    7.6834    7.8602    8.1984   10.0153   10.0890
   11.2196   11.2930   16.8487   20.2119   21.5465   21.8658   23.7026   26.6972   28.7488   31.6852
   32.3016   32.4354   35.7311   36.1944   38.1829   38.7377   42.2534   43.1502   57.3527   58.6719
   62.7636   67.1255   70.3750   71.3066   99.8061  125.8520  194.0757
  23  1  -66.9223  -41.0722  -40.9105  -40.8612  -19.6791  -18.6072  -11.1861   -8.9234   -8.5049   -8.1188
          -7.6591   -6.9222   -6.1859   -3.4925   -3.2799   -3.1649   -2.6644    0.5173    1.0359    2.7524
    4.6280    4.6924    6.5136    6.6738    6.7457    7.7085    7.8694    8.0944   10.1623   10.1895
   11.1876   11.2563   16.6860   20.5676   21.6683   22.9840   24.1126   26.9475   28.6612   31.9117
   32.1869   32.6548   35.7276   36.5995   38.0591   39.1465   42.9776   43.1365   58.8814   59.6457
   62.3896   68.7546   69.8310   71.3606   98.7995  126.0586  197.3691
  24  1  -66.9237  -41.0750  -40.8962  -40.8580  -19.7377  -18.6332  -11.2494   -8.8146   -8.3770   -8.1813
          -7.5788   -6.9332   -6.1463   -3.3941   -3.2614   -3.1110   -2.7407    0.4342    0.9618    2.5674
    4.4315    4.8489    6.3555    6.7646    6.8459    7.7301    7.8903    8.0020   10.2938   10.3163
   11.1612   11.1968   16.4878   20.8250   22.0032   24.4938   24.5262   27.2022   28.5857   31.4345
   32.6062   33.0738   35.4075   37.0787   37.9908   39.6625   43.1455   43.7565   60.3904   60.6187
   62.1351   69.0887   69.5796   72.2192   97.4876  126.0248  199.9351
  25  1  -66.9250  -41.0774  -40.8835  -40.8551  -19.7892  -18.6562  -11.3071   -8.7133   -8.2513   -8.2367
          -7.5045   -6.9611   -6.1156   -3.2918   -3.2303   -3.0610   -2.8124    0.3569    0.8968    2.3926
    4.2304    5.0161    6.2184    6.7637    7.0085    7.7469    7.9219    7.9251   10.4077   10.4611
   11.1188   11.1398   16.2712   20.9716   22.5812   24.8351   26.4172   27.4859   28.5218   31.0183
   32.9369   33.5377   34.8042   37.6276   38.0698   40.2634   43.0973   44.5473   61.5626   61.8722
   62.0348   68.5204   69.5155   73.9451   95.9578  125.7109  201.5740
  26  1  -66.9260  -41.0796  -40.8725  -40.8525  -19.8333  -18.6758  -11.3578   -8.6224   -8.2844   -8.1288
          -7.4378   -7.0042   -6.0926   -3.1911   -3.1908   -3.0164   -2.8776    0.2868    0.8411    2.2363
    4.0403    5.1898    6.1035    6.7412    7.1513    7.7572    7.8544    7.9719   10.5027   10.6135
   11.0286   11.1227   16.0527   21.0852   23.3230   25.1284   27.8286   28.4606   28.4687   30.6663
   33.1855   34.0072   34.0090   38.2236   38.4142   40.9074   42.9365   45.3190   62.1357   62.4450
   63.3062   68.5145   69.1863   75.8797   94.2584  125.0639  202.0897
  27  1  -66.9269  -41.0814  -40.8633  -40.8504  -19.8696  -18.6920  -11.4004   -8.5441   -8.3240   -8.0108
          -7.3803   -7.0600   -6.0760   -3.1480   -3.0980   -2.9783   -2.9343    0.2261    0.7953    2.1038
    3.8720    5.3654    6.0110    6.6985    7.2723    7.7593    7.7996    8.0252   10.5784   10.7615
   10.9345   11.1094   15.8470   21.2156   24.1272   25.3688   28.2488   28.4256   30.3462   30.3949
   33.1786   33.3656   34.4181   38.8262   39.1669   41.5408   42.6220   46.0383   62.4833   63.2306
   64.6343   68.8010   69.3854   77.7602   92.3478  124.0487  201.4239
  28  1  -66.9275  -41.0828  -40.8560  -40.8488  -19.8980  -18.7048  -11.4342   -8.4807   -8.3552   -7.8998
          -7.3336   -7.1246   -6.0644   -3.1071   -3.0184   -2.9807   -2.9476    0.1768    0.7595    1.9980
    3.7333    5.5361    5.9407    6.6392    7.3728    7.7519    7.7573    8.0776   10.6353   10.8455
   10.8932   11.0994   15.6679   21.3731   24.8592   25.5547   28.3919   28.6284   30.3032   31.8053
   32.5855   33.4910   34.6827   39.3817   40.3392   42.1073   42.1110   46.6655   63.0845   63.8846
   65.8258   68.4357   71.2385   79.4366   90.1264  122.7112  199.8010
  29  1  -66.9280  -41.0838  -40.8508  -40.8476  -19.9182  -18.7139  -11.4587   -8.4340   -8.3777   -7.8013
          -7.2991   -7.1912   -6.0570   -3.0735   -3.0152   -2.9577   -2.9251    0.1407    0.7339    1.9206
    3.6301    5.6903    5.8917    6.5703    7.4540    7.7273    7.7355    8.1218   10.6746   10.7716
   10.9972   11.0925   15.5281   21.5392   25.3934   25.6864   28.3675   28.6539   30.4403   32.6398
   32.7968   33.5732   34.7751   39.8322   41.3942   41.6259   42.5549   47.1563   63.8424   64.3762
   66.8603   68.1386   73.9356   80.7701   87.5038  121.2586  197.7824
  30  1  -66.9283  -41.0844  -40.8477  -40.8468  -19.9303  -18.7194  -11.4735   -8.4054   -8.3913   -7.7266
          -7.2779   -7.2471   -6.0528   -3.0513   -3.0364   -2.9197   -2.9114    0.1189    0.7185    1.8733
    3.5666    5.8072    5.8628    6.5072    7.5129    7.7095    7.7148    8.1513   10.6975   10.7224
   11.0640   11.0885   15.4389   21.6722   25.6955   25.7649   28.3526   28.4521   30.4800   33.3661
   33.4077   33.6196   34.7392   40.1262   40.6152   42.5896   42.8418   47.4700   64.5119   64.6811
   67.6037   67.9450   77.1806   81.6333   84.4859  120.0837  196.1282
  31  1  -66.9284  -41.0846  -40.8466  -40.8466  -19.9343  -18.7212  -11.4785   -8.3958   -8.3957   -7.6968
          -7.2707   -7.2707   -6.0515   -3.0436   -3.0435   -2.9068   -2.9067    0.1116    0.7134    1.8573
    3.5451    5.8533    5.8534    6.4795    7.5367    7.7035    7.7037    8.1616   10.7050   10.7051
   11.0871   11.0871   15.4081   21.7241   25.7908   25.7910   28.3476   28.3476   30.4656   33.6346
   33.6347   33.8206   34.6916   40.2283   40.2284   42.9404   42.9407   47.5780   64.7843   64.7846
   67.8778   67.8779   79.8484   81.9325   81.9330  119.6255  195.4919
  32  1  -66.9283  -41.0845  -40.8472  -40.8467  -19.9320  -18.7202  -11.4756   -8.4015   -8.3931   -7.7149
          -7.2750   -7.2563   -6.0523   -3.0482   -3.0393   -2.9144   -2.9095    0.1159    0.7164    1.8668
    3.5579    5.8255    5.8589    6.4965    7.5222    7.7070    7.7107    8.1555   10.7006   10.7154
   11.0734   11.0879   15.4264   21.6928   25.7348   25.7754   28.3505   28.4118   30.4757   33.4979
   33.5348   33.6252   34.7233   40.1672   40.4693   42.7310   42.8817   47.5138   64.6198   64.7228
   67.7139   67.9175   77.9506   81.7545   83.7600  119.9016  195.8744
  33  1  -66.9282  -41.0841  -40.8491  -40.8472  -19.9248  -18.7169  -11.4668   -8.4185   -8.3851   -7.7628
          -7.2878   -7.2192   -6.0547   -3.0617   -3.0265   -2.9371   -2.9177    0.1289    0.7255    1.8950
    3.5957    5.7505    5.8760    6.5390    7.4844    7.7169    7.7267    8.1375   10.6870   10.7456
   11.0331   11.0903   15.4802   21.6077   25.5607   25.7285   28.3590   28.5659   30.4770   32.9339
   33.1292   33.5898   34.7710   39.9845   41.0296   42.1350   42.7056   47.3248   64.1822   64.5386
   67.2545   68.0291   75.3874   81.2286   86.1610  120.6555  196.9329
  34  1  -66.9279  -41.0835  -40.8522  -40.8479  -19.9128  -18.7115  -11.4522   -8.4465   -8.3717   -7.8298
          -7.3092   -7.1702   -6.0589   -3.0833   -3.0054   -2.9740   -2.9314    0.1504    0.7407    1.9413
    3.6580    5.6449    5.9051    6.5919    7.4311    7.7300    7.7465    8.1094   10.6635   10.7931
   10.9686   11.0944   15.5665   21.4893   25.2548   25.6491   28.3717   28.6925   30.3920   32.5236
   32.5702   33.5042   34.7752   39.6851   41.2522   41.6614   42.4167   47.0213   63.6003   64.2363
   66.5738   68.1943   73.0301   80.3853   88.3897  121.7068  198.4355
  35  1  -66.9275  -41.0827  -40.8565  -40.8489  -19.8960  -18.7039  -11.4319   -8.4851   -8.3532   -7.9077
          -7.3394   -7.1172   -6.0652   -3.1115   -3.0236   -2.9762   -2.9504    0.1802    0.7620    2.0045
    3.7431    5.5218    5.9466    6.6443    7.3659    7.7392    7.7734    8.0736   10.6291   10.8546
   10.8834   11.1001   15.6809   21.3608   24.8078   25.5356   28.3845   28.6331   30.2704   31.8121
   32.5969   33.3226   34.7202   39.2850   40.2456   42.0277   42.2382   46.6187   62.9979   63.8327
   65.7380   68.3920   71.0786   79.2762   90.4047  122.8540  200.0863
  36  1  -66.9270  -41.0816  -40.8620  -40.8502  -19.8744  -18.6942  -11.4061   -8.5334   -8.3295   -7.9921
          -7.3785   -7.0645   -6.0739   -3.1446   -3.0838   -2.9747   -2.9392    0.2179    0.7893    2.0835
    3.8491    5.3896    6.0005    6.6904    7.2894    7.7403    7.8098    8.0332   10.5825   10.7821
   10.9263   11.1077   15.8183   21.2406   24.2366   25.3875   28.3255   28.4585   30.2613   30.8188
   32.9842   33.0334   34.6279   38.8173   39.3011   41.5667   42.7296   46.1356   62.4472   63.3632
   64.7676   68.5982   69.6696   77.9683   92.2280  123.9390  201.5976
  37  1  -66.9264  -41.0803  -40.8687  -40.8518  -19.8481  -18.6824  -11.3750   -8.5906   -8.3009   -8.0801
          -7.4268   -7.0145   -6.0855   -3.1809   -3.1524   -3.0040   -2.8947    0.2626    0.8225    2.1769
    3.9735    5.2539    6.0663    6.7275    7.2010    7.7329    7.8560    7.9915   10.5225   10.6695
   11.0044   11.1174   15.9731   21.1388   23.5922   25.2060   28.0724   28.4587   29.5741   30.3087
   32.4581   33.6384   34.5359   38.3317   38.5393   41.0831   43.1440   45.5919   61.9670   62.8795
   63.6654   68.4331   69.2234   76.5335   93.8915  124.8656  202.7340
  38  1  -66.9256  -41.0788  -40.8764  -40.8536  -19.8171  -18.6686  -11.3389   -8.6557   -8.2677   -8.1700
          -7.4842   -6.9686   -6.1006   -3.2267   -3.2181   -3.0381   -2.8434    0.3136    0.8617    2.2836
    4.1134    5.1188    6.1418    6.7549    7.0994    7.7170    7.9119    7.9526   10.4481   10.5506
   11.0855   11.1294   16.1398   21.0574   22.9365   24.9943   27.8578   28.1308   28.4855   30.3265
   31.7760   34.2897   34.4620   37.8841   37.9545   40.6458   43.4959   45.0077   61.5440   62.4378
   62.4754   67.8086   69.7579   75.0383   95.4173  125.5902  203.3343
  39  1  -66.9248  -41.0771  -40.8851  -40.8558  -19.7815  -18.6527  -11.2981   -8.7277   -8.2607   -8.2300
          -7.5509   -6.9276   -6.1196   -3.3042   -3.2546   -3.0764   -2.7858    0.3699    0.9066    2.4022
    4.2654    4.9873    6.2231    6.7737    6.9833    7.6928    7.9206    7.9776   10.3584   10.4310
   11.1441   11.1664   16.3129   20.9892   22.3201   24.7576   26.6040   27.7043   28.5157   30.2736
   30.9944   34.4038   34.9251   37.4651   37.5216   40.3247   43.7924   44.4024   61.1612   61.2636
   62.0780   67.1593   70.6924   73.5381   96.8114  126.1036  203.3221
  40  1  -66.9239  -41.0752  -40.8947  -40.8582  -19.7416  -18.6350  -11.2532   -8.8052   -8.3513   -8.1883
          -7.6267   -6.8919   -6.1431   -3.3824   -3.2886   -3.1183   -2.7227    0.4308    0.9572    2.5313
    4.4261    4.8617    6.3029    6.7882    6.8520    7.6605    7.8997    8.0531   10.2529   10.3162
   11.1620   11.2448   16.4873   20.9111   21.7860   24.5026   25.1152   27.5882   28.5433   30.1417
   30.1610   34.3554   35.5139   37.0042   37.2812   40.1594   43.7937   44.0323   60.0767   60.8166
   61.8075   66.3960   71.9244   72.0958   98.0659  126.4145  202.7040
  41  1  -66.9228  -41.0731  -40.9053  -40.8609  -19.6974  -18.6154  -11.2046   -8.8872   -8.4410   -8.1431
          -7.7114   -6.8617   -6.1717   -3.4593   -3.3185   -3.1630   -2.6550    0.4958    1.0133    2.6691
    4.5916    4.7436    6.3686    6.7055    6.8080    7.6204    7.8941    8.1379   10.1313   10.2121
   11.1839   11.3192   16.6582   20.7601   21.3996   23.7546   24.2368   27.4743   28.5590   29.3168
   29.9532   34.3140   35.9740   36.5530   37.2533   40.1447   43.1986   44.2117   58.9371   60.5185
   61.6109   65.4667   70.6708   73.3935   99.1642  126.5396  201.5526
  42  1  -66.9217  -41.0708  -40.9165  -40.8640  -19.6492  -18.5940  -11.1530   -8.9722   -8.5293   -8.0948
          -7.8047   -6.8372   -6.2056   -3.5332   -3.3434   -3.2094   -2.5834    0.5644    1.0747    2.8130
    4.6342    4.7579    6.4042    6.5458    6.8459    7.5731    7.9075    8.2311    9.9936   10.1245
   11.2107   11.3889   16.8211   20.4747   21.2150   22.5726   23.9682   27.3185   28.5013   28.5481
   29.7584   34.2800   36.1021   36.1199   37.6421   40.2474   42.6349   44.3304   57.8522   60.2703
   61.4693   64.3645   69.3535   74.8547  100.0920  126.4971  199.9761
  43  1  -66.9205  -41.0684  -40.9284  -40.8673  -19.5971  -18.5708  -11.0993   -9.0590   -8.6156   -8.0441
          -7.9057   -6.8182   -6.2451   -3.6032   -3.3623   -3.2563   -2.5089    0.6364    1.1414    2.9599
    4.5344    4.9206    6.3767    6.4021    6.9068    7.5190    7.9438    8.3311    9.8405   10.0585
   11.2437   11.4540   16.9724   20.1313   21.1420   21.5880   23.7048   27.0729   27.7495   28.4971
   29.6159   34.2555   35.7163   35.9405   38.3990   40.4226   42.1283   44.3935   56.8185   60.0656
   61.3705   63.1101   68.1278   76.1683  100.8501  126.3033  198.0856
  44  1  -66.9192  -41.0658  -40.9409  -40.8709  -19.5413  -18.5461  -11.0442   -9.1459   -8.6998   -8.0139
          -7.9921   -6.8049   -6.2899   -3.6684   -3.3747   -3.3022   -2.4324    0.7117    1.2130    3.1056
    4.4456    5.0740    6.2048    6.3693    6.9800    7.4593    8.0064    8.4360    9.6736   10.0180
   11.2846   11.5153   17.1092   19.7986   20.7975   21.0945   23.4546   26.7055   27.0862   28.4115
   29.5520   34.2414   35.3501   35.6440   39.3553   40.5921   41.7428   44.4104   55.8210   59.8905
   61.3095   61.7468   66.9986   77.2235  101.4649  125.9713  195.9686
  45  1  -66.9179  -41.0632  -40.9539  -40.8748  -19.4821  -18.5198  -10.9890   -9.2315   -8.7816   -8.1281
          -7.9397   -6.7971   -6.3396   -3.7287   -3.3803   -3.3455   -2.3548    0.7903    1.2894    3.2442
    4.3701    5.2094    6.0408    6.3184    7.0502    7.3955    8.0975    8.5431    9.4961   10.0047
   11.3360   11.5738   17.2302   19.4927   20.1860   21.0382   23.2249   26.2213   26.5219   28.3095
   29.5458   34.2311   35.0335   35.2689   40.4319   40.5811   41.6444   44.3922   54.8280   59.7262
   60.3454   61.2877   65.9665   77.9931  101.9851  125.5107  193.6781
  46  1  -66.9165  -41.0604  -40.9672  -40.8790  -19.4198  -18.4921  -10.9350   -9.3141   -8.8609   -8.2470
          -7.8884   -6.7947   -6.3931   -3.7844   -3.3845   -3.3791   -2.2771    0.8723    1.3704    3.3675
    4.3126    5.3086    5.9060    6.2595    7.1065    7.3296    8.2143    8.6499    9.3144   10.0174
   11.4013   11.6308   17.3351   19.2137   19.7325   20.9552   23.0204   25.6572   26.0522   28.1987
   29.5620   34.1899   34.8070   34.8419   40.3379   41.5671   41.8788   44.3494   53.7827   59.0113
   59.5503   61.3121   65.0300   78.5306  102.4635  124.9271  191.2374
  47  1  -66.9150  -41.0575  -40.9807  -40.8835  -19.3544  -18.4632  -10.8838   -9.3918   -8.9381   -8.3693
          -7.8398   -6.7976   -6.4492   -3.8357   -3.4175   -3.3712   -2.2000    0.9575    1.4557    3.4641
    4.2808    5.3344    5.8405    6.1999    7.1433    7.2641    8.3419    8.7543    9.1450   10.0514
   11.4851   11.6874   17.4252   18.9586   19.4149   20.8351   22.8389   25.0620   25.6601   28.0737
   29.5749   34.0499   34.3868   34.7442   40.0370   42.2673   42.6835   44.2983   52.6090   57.8761
   59.3366   61.3944   64.1855   78.9365  102.9392  124.2222  188.6501
  48  1  -66.9135  -41.0545  -40.9944  -40.8883  -19.2864  -18.4330  -10.8371   -9.4625   -9.0137   -8.4928
          -7.7961   -6.8057   -6.5057   -3.8830   -3.4432   -3.3569   -2.1243    1.0461    1.5451    3.5206
    4.2842    5.2689    5.8651    6.1458    7.1593    7.2012    8.4310    8.8552    9.0362   10.0993
   11.5926   11.7446   17.5027   18.7240   19.2119   20.6739   22.6664   24.4871   25.3188   27.9235
   29.5734   33.8239   33.9264   34.8382   39.7652   42.7184   43.6039   44.3478   51.2553   57.0469
   59.0538   61.5511   63.4274   79.3132  103.4313  123.3941  185.9108
  49  1  -66.9120  -41.0515  -41.0081  -40.8934  -19.2160  -18.4018  -10.7972   -9.5241   -9.0891   -8.6152
          -7.7600   -6.8189   -6.5602   -3.9261   -3.4610   -3.3367   -2.0509    1.1380    1.6383    3.5305
    4.3258    5.1559    5.9389    6.1021    7.1434    7.1549    8.3930    8.9526    9.0755   10.1517
   11.7288   11.8031   17.5706   18.5077   19.1042   20.4734   22.4729   23.9854   24.9969   27.7349
   29.5631   33.4782   33.5719   35.0320   39.5534   43.1963   43.8059   44.9523   49.7476   56.5451
   58.6627   61.8038   62.7474   79.7324  103.9441  122.4377  183.0111
  50  1  -66.9105  -41.0485  -41.0217  -40.8988  -19.1436  -18.3697  -10.7660   -9.5745   -9.1661   -8.7332
          -7.7342   -6.8370   -6.6098   -3.9645   -3.4706   -3.3110   -1.9803    1.2330    1.7350    3.4995
    4.3966    5.0333    6.0260    6.0733    7.0927    7.1301    8.2438    9.0474    9.2470   10.1996
   11.8633   11.8968   17.6319   18.3080   19.0749   20.2396   22.2227   23.6013   24.6625   27.4978
   29.5637   33.0498   33.3205   35.2965   39.4173   43.6245   43.6779   45.7036   48.1882   56.3134
   58.1138   62.1363   62.1785   80.2236  104.4745  121.3455  179.9437
  51  1  -66.9089  -41.0454  -41.0351  -40.9045  -19.0693  -18.3368  -10.7454   -9.6118   -9.2478   -8.8427
          -7.7220   -6.8601   -6.6515   -3.9971   -3.4725   -3.2806   -1.9132    1.3311    1.8350    3.4395
    4.4813    4.9169    6.0631    6.1128    7.0509    7.0837    8.0586    9.1411    9.4772   10.2363
   11.9251   12.0967   17.6890   18.1237   19.1101   19.9803   21.9095   23.3382   24.2881   27.2130
   29.6004   32.6381   33.0786   35.6113   39.3656   43.2769   44.1426   46.0821   46.9317   56.2592
   57.3453   61.5890   62.7035   80.7792  105.0170  120.1114  176.7066
  52  1  -66.9074  -41.0482  -41.0423  -40.9104  -18.9936  -18.3033  -10.7366   -9.6349   -9.3376   -8.9392
          -7.7257   -6.8878   -6.6827   -4.0227   -3.4677   -3.2460   -1.8500    1.4319    1.9378    3.3607
    4.5673    4.8130    6.0747    6.1946    7.0133    7.0192    7.8737    9.2350    9.7339   10.2584
   11.9886   12.3255   17.7427   17.9533   19.1987   19.7029   21.5673   23.1496   23.8540   26.8985
   29.6902   32.2346   32.8493   35.9531   39.3981   42.6631   44.5712   45.1259   47.0810   56.2765
   56.2835   61.1160   63.4031   81.3675  105.5635  118.7366  173.3097
  53  1  -66.9058  -41.0609  -41.0393  -40.9166  -18.9169  -18.2693  -10.7394   -9.6442   -9.4376   -9.0195
          -7.7469   -6.9201   -6.7020   -4.0398   -3.4574   -3.2082   -1.7910    1.5352    2.0433    3.2698
    4.6454    4.7244    6.1101    6.2700    6.9157    6.9987    7.7067    9.3306   10.0039   10.2649
   12.0530   12.5777   17.7932   17.7950   19.3322   19.4149   21.2333   22.9797   23.3499   26.5846
   29.8304   31.8375   32.6332   36.2957   39.5001   41.6250   44.2316   44.9465   47.4101   54.8477
   56.2478   60.7598   64.2873   81.9436  106.1021  117.2410  169.7829
  54  1  -66.9043  -41.0732  -41.0363  -40.9231  -18.8395  -18.2351  -10.7527   -9.6410   -9.5476   -9.0830
          -7.7854   -6.9569   -6.7093   -4.0473   -3.4428   -3.1680   -1.7364    1.6400    2.1510    3.1717
    4.6526    4.7098    6.1698    6.3391    6.7910    6.9899    7.5672    9.4285   10.2565   10.2798
   12.1175   12.8467   17.6453   17.8399   19.1226   19.5033   20.9258   22.7752   22.7897   26.3030
   29.9801   31.4722   32.4296   36.6152   39.6376   40.2517   43.6444   45.2538   47.5593   52.9635
   56.0574   60.5979   65.3370   82.4556  106.6160  115.6776  166.1859
  55  1  -66.9028  -41.0848  -41.0333  -40.9298  -18.7619  -18.2007  -10.7742   -9.6648   -9.6277   -9.1314
          -7.8396   -6.9979   -6.7061   -4.0443   -3.4252   -3.1263   -1.6861    1.7454    2.2606    3.0705
    4.5981    4.7558    6.2531    6.4024    6.6462    6.9931    7.4566    9.5292   10.2350   10.5557
   12.1811   13.1259   17.4997   17.8825   18.8315   19.7048   20.6486   22.1383   22.5592   26.0763
   30.0106   31.2358   32.2365   36.8925   38.7608   39.7582   43.1851   45.4747   47.4348   50.5939
   55.6508   60.6932   66.4882   82.8464  107.0879  114.1473  162.6164
  56  1  -66.9013  -41.0958  -41.0304  -40.9368  -18.6845  -18.1664  -10.8013   -9.7863   -9.6073   -9.1672
          -7.9069   -7.0429   -6.6942   -4.0305   -3.4059   -3.0842   -1.6398    1.8491    2.3717    2.9704
    4.5612    4.7798    6.3575    6.4611    6.4942    7.0078    7.3700    9.6316   10.2027   10.8264
   12.2423   13.4093   17.3511   17.9211   18.5458   19.9273   20.3971   21.4551   22.2840   25.9130
   29.7529   31.2340   32.0497   37.1082   37.2820   39.7947   42.7524   45.5010   46.9634   47.8635
   55.0875   61.0284   67.6257   83.0544  107.5119  112.8010  159.2103
  57  1  -66.8999  -41.1061  -41.0275  -40.9440  -18.6078  -18.1322  -10.8312   -9.9093   -9.5827   -9.1922
          -7.9846   -7.0917   -6.6757   -4.0061   -3.3855   -3.0425   -1.5972    1.9470    2.4840    2.8775
    4.5418    4.7779    6.3490    6.4806    6.5165    7.0337    7.3011    9.7324   10.1643   11.0869
   12.2996   13.6917   17.1911   17.9558   18.2674   20.1504   20.1621   20.7565   21.9709   25.8097
   29.2493   31.3058   31.8603   35.8973   37.2278   39.6380   42.2983   43.9740   46.1680   46.3014
   54.4830   61.5057   68.5968   83.0216  107.9128  111.8181  156.1255
  58  1  -66.8985  -41.1155  -41.0248  -40.9514  -18.5321  -18.0985  -10.8615  -10.0317   -9.5564   -9.2081
          -8.0705   -7.1441   -6.6520   -3.9724   -3.3647   -3.0024   -1.5577    2.0311    2.5973    2.8009
    4.5394    4.7465    6.2248    6.5698    6.6176    7.0702    7.2446    9.8193   10.1320   11.3319
   12.3511   13.9693   17.0090   17.9847   17.9954   19.9309   19.9660   20.4641   21.6314   25.7573
   28.5854   31.1846   31.6446   34.6664   37.1149   38.8217   41.3031   41.7844   45.2702   46.2478
   53.9111   61.9701   69.2508   82.7179  108.3600  111.3562  153.5031
  59  1  -66.8972  -41.1241  -41.0221  -40.9590  -18.4581  -18.0653  -10.8901  -10.1521   -9.5306   -9.2157
          -8.1626   -7.1997   -6.6238   -3.9316   -3.3431   -2.9650   -1.5206    2.0876    2.7111    2.7555
    4.5535    4.6835    6.1301    6.6218    6.7653    7.1169    7.1969    9.8581   10.1392   11.5563
   12.3952   14.2394   16.7939   17.7239   17.9951   19.2965   19.6884   20.6777   21.2764   25.7440
   27.7890   30.6629   31.3092   33.6081   35.4462   37.5790   40.2561   41.1838   44.6565   46.3278
   53.3791   62.2158   69.4918   82.1813  108.9588  111.4928  151.4190
  60  1  -66.8959  -41.1318  -41.0196  -40.9669  -18.3861  -18.0329  -10.9154  -10.2692   -9.5070   -9.2159
          -8.2594   -7.2583   -6.5914   -3.8869   -3.3196   -2.9313   -1.4851    2.1012    2.7565    2.8253
    4.5833    4.5910    6.0689    6.6726    6.9192    7.1563    7.1737    9.8228   10.2102   11.7545
   12.4310   14.5009   16.5352   17.4389   17.9199   18.7231   19.4187   20.8885   20.9130   25.7429
   26.9113   29.6484   30.2646   32.7385   32.8509   37.1821   39.8853   40.5301   44.6081   46.4221
   52.8641   62.0168   69.3104   81.5419  109.8095  112.1968  149.8495
  61  1  -66.8946  -41.1384  -41.0172  -40.9749  -18.3165  -18.0014  -10.9358  -10.3821   -9.4870   -9.2092
          -8.3597   -7.3195   -6.5548   -3.8427   -3.2920   -2.9021   -1.4504    2.0699    2.8048    2.9398
    4.4762    4.6279    6.0394    6.7217    7.0603    7.1366    7.2406    9.7401   10.3151   11.9205
   12.4590   14.7544   16.2215   17.1183   17.5687   18.4699   19.1086   20.5447   21.0552   25.5317
   26.2315   27.6241   28.2466   31.9190   32.1108   36.7486   39.6131   39.8743   45.1142   46.5134
   52.3450   61.2169   68.7747   80.9688  110.9606  113.3495  148.6755
  62  1  -66.8935  -41.1441  -41.0150  -40.9831  -18.2500  -17.9711  -10.9502  -10.4901   -9.4714   -9.1962
          -8.4626   -7.3828   -6.5140   -3.8046   -3.2572   -2.8784   -1.4157    2.0081    2.8827    3.0543
    4.3511    4.6861    6.0363    6.7685    7.0665    7.2556    7.3173    9.6302   10.4291   12.0459
   12.4830   15.0016   15.8360   16.7401   17.0211   18.4712   18.7558   20.1724   21.1119   24.7362
   24.8038   26.1695   26.7925   31.6044   31.7112   36.2224   39.2185   39.3337   45.9721   46.5946
   51.8233   59.8465   67.9918   80.5553  112.3903  114.7946  147.7223
  63  1  -66.8924  -41.1487  -41.0128  -40.9914  -18.1868  -17.9420  -10.9576  -10.5925   -9.4609   -9.1772
          -8.5671   -7.4479   -6.4689   -3.7780   -3.2120   -2.8605   -1.3805    1.9315    2.9677    3.1690
    4.2314    4.7570    6.0532    6.8122    7.0340    7.4029    7.4142    9.4990   10.5410   12.1199
   12.5094   15.2428   15.3521   16.3048   16.4596   18.3748   18.5513   19.7948   20.7332   22.7313
   23.8470   25.4245   26.4510   31.3896   31.4814   35.6446   38.5506   38.9925   46.6606   46.8555
   51.3871   58.1467   67.0720   80.2635  114.0205  116.3803  146.8155
  64  1  -66.8914  -41.1522  -41.0109  -40.9998  -18.1274  -17.9144  -10.9573  -10.6887   -9.4558   -9.1529
          -8.6725   -7.5142   -6.4196   -3.7667   -3.1546   -2.8487   -1.3444    1.8504    3.0368    3.2837
    4.1373    4.8392    6.0846    6.8528    7.0003    7.4954    7.5728    9.3479   10.6430   12.1357
   12.5393   14.7529   15.4599   15.8523   15.9457   17.9887   18.6335   19.3704   19.4078   22.0835
   23.0539   24.4672   26.7377   31.1863   31.3745   35.0624   37.8691   38.5500   46.7069   47.2153
   51.3724   56.4554   66.1079   79.9830  115.7458  117.9785  145.8314
  65  1  -66.8905  -41.1547  -41.0091  -41.0084  -18.0722  -17.8885  -10.9486  -10.7784   -9.4564   -9.1236
          -8.7779   -7.5814   -6.3665   -3.7716   -3.0859   -2.8431   -1.3073    1.7709    3.0662    3.3983
    4.0925    4.9315    6.1259    6.8904    6.9678    7.5918    7.7283    9.1778   10.7280   12.0984
   12.5511   14.0866   15.3508   15.4264   15.7542   17.6101   17.7444   18.8855   19.0066   21.9908
   22.4259   23.7691   27.1238   30.9650   31.3604   34.5127   37.1813   37.9807   46.6211   46.7304
   52.0880   55.0374   65.1690   79.6114  117.4557  119.4881  144.7260
  66  1  -66.8896  -41.1561  -41.0170  -41.0075  -18.0215  -17.8644  -10.9311  -10.8610   -9.4629   -9.0901
          -8.8820   -7.6488   -6.3102   -3.7913   -3.0088   -2.8431   -1.2694    1.6968    3.0406    3.5125
    4.1125    5.0324    6.1737    6.9258    6.9379    7.6877    7.8797    8.9916   10.7897   12.0174
   12.4779   13.4892   14.9057   15.0445   15.6317   16.8277   17.2374   18.5921   19.0422   21.9681
   21.9768   23.2595   27.5869   30.7100   31.4201   34.0183   36.5010   37.2750   45.4077   46.7302
   53.1935   54.0026   64.3006   79.0887  119.0478  120.8313  143.5382
  67  1  -66.8888  -41.1564  -41.0257  -41.0060  -17.9756  -17.8423  -10.9362  -10.9045   -9.4761   -9.0529
          -8.9833   -7.7158   -6.2516   -3.8232   -2.9271   -2.8483   -1.2310    1.6311    2.9652    3.6259
    4.1918    5.1402    6.2256    6.9114    6.9602    7.7775    8.0268    8.7950   10.8229   11.8979
   12.1879   13.1552   14.4302   14.7148   14.9541   16.8313   16.8646   18.1732   19.2339   21.6811
   21.9394   22.8773   28.1037   30.4121   31.5391   33.5876   35.8484   36.4438   44.0236   46.7085
   53.1129   54.5368   63.5266   78.3977  120.4317  121.9532  142.3691
  68  1  -66.8882  -41.1557  -41.0344  -41.0047  -17.9346  -17.8224  -11.0037  -10.8688   -9.4971   -9.0793
          -9.0128   -7.7817   -6.1920   -3.8642   -2.8577   -2.8445   -1.1929    1.5759    2.8586    3.7379
    4.3109    5.2529    6.2796    6.8887    6.9947    7.8527    8.1701    8.5990   10.8246   11.7097
   11.7665   13.0635   13.8664   14.3545   14.4464   16.4887   17.1554   17.7642   19.4455   21.5013
   21.8895   22.5828   28.6388   30.0654   31.7016   33.2161   35.2518   35.5223   42.7202   46.6702
   52.5313   55.7284   62.8521   77.5531  121.5341  122.8249  141.3456
  69  1  -66.8876  -41.1540  -41.0430  -41.0036  -17.8989  -17.8046  -11.0634  -10.8243   -9.5281   -9.1666
          -8.9709   -7.8457   -6.1330   -3.9112   -2.8702   -2.7644   -1.1558    1.5334    2.7371    3.8473
    4.4514    5.3680    6.3340    6.8693    7.0305    7.8989    8.3112    8.4228   10.7950   11.2762
   11.5642   13.0503   13.2843   13.9482   14.2472   16.1115   17.3783   17.5662   19.6736   21.4039
   21.8166   22.3505   29.1457   29.6639   31.8810   32.8905   34.5717   34.7479   41.6231   46.6228
   52.0777   56.8338   62.2683   76.5899  122.3100  123.4461  140.5782
  70  1  -66.8871  -41.1514  -41.0515  -41.0026  -17.8683  -17.7892  -11.1150  -10.7715   -9.5716   -9.2413
          -8.9281   -7.9067   -6.0762   -3.9610   -2.8848   -2.6899   -1.1207    1.5052    2.6110    3.9524
    4.5999    5.4820    6.3863    6.8524    7.0688    7.8928    8.2956    8.4526   10.7379   10.8889
   11.3510   12.7924   13.0545   13.6233   14.1185   15.7413   17.0249   18.0146   19.9165   21.3630
   21.7235   22.1644   29.2005   29.5756   32.0358   32.5931   33.6737   34.3723   40.7931   46.5739
   51.7388   57.8176   61.7598   75.5552  122.7597  123.8458  140.1212
  71  1  -66.8866  -41.1480  -41.0599  -41.0019  -17.8429  -17.7761  -11.1584  -10.7116   -9.6287   -9.3002
          -8.8861   -7.9634   -6.0236   -4.0104   -2.9003   -2.6235   -1.0886    1.4928    2.4864    4.0507
    4.7468    5.5909    6.4328    6.8381    7.1106    7.8276    8.2295    8.5981   10.5691   10.6619
   11.1204   12.4014   13.0617   13.3468   14.0525   15.3918   16.7094   18.4709   20.1711   21.3597
   21.6162   22.0140   28.6779   29.8904   32.1354   32.3012   32.9163   34.1265   40.2542   46.5304
   51.5110   58.6711   61.3119   74.5031  122.9352  124.0753  139.9558
  72  1  -66.8863  -41.1439  -41.0679  -41.0012  -17.8226  -17.7655  -11.1936  -10.6465   -9.6964   -9.3439
          -8.8467   -8.0142   -5.9772   -4.0562   -2.9154   -2.5672   -1.0605    1.4968    2.3670    4.1390
    4.8843    5.6893    6.4676    6.8282    7.1570    7.7450    8.1866    8.7526   10.3099   10.5799
   10.8819   12.0988   13.0705   13.1115   14.0343   15.0798   16.4351   18.9056   20.4276   21.3797
   21.5035   21.8924   28.1276   30.0727   31.9823   32.2063   32.3737   33.9475   39.9904   46.4970
   51.3953   59.3956   60.9166   73.4922  122.9239  124.1948  140.0045
  73  1  -66.8861  -41.1394  -41.0754  -41.0007  -17.8072  -17.7574  -11.2207  -10.5796   -9.7681   -9.3754
          -8.8120   -8.0572   -5.9390   -4.0954   -2.9291   -2.5227   -1.0372    1.5165    2.2563    4.2132
    5.0050    5.7715    6.4851    6.8260    7.2098    7.6853    8.1279    8.9210   10.1002   10.5069
   10.6460   11.8720   12.9171   13.0820   14.0461   14.8221   16.2059   19.2891   20.6621   21.3978
   21.4123   21.7949   27.6187   30.1358   31.6547   32.0334   32.3087   33.7550   39.9330   46.4757
   51.3835   59.9926   60.5758   72.5868  122.8188  124.2588  140.1669
  74  1  -66.8859  -41.1349  -41.0820  -41.0004  -17.7966  -17.7516  -11.2398  -10.5171   -9.8343   -9.3975
          -8.7847   -8.0899   -5.9107   -4.1253   -2.9401   -2.4908   -1.0198    1.5485    2.1592    4.2694
    5.1011    5.8326    6.4847    6.8324    7.2719    7.6606    8.0406    9.1065    9.9278   10.4260
   10.4557   11.7133   12.7661   13.0956   14.0699   14.6334   16.0284   19.5941   20.8408   21.3106
   21.4483   21.7195   27.2330   30.1243   31.4112   31.7911   32.4718   33.5170   39.9791   46.4657
   51.4459   60.3023   60.4540   71.8584  122.6955  124.3042  140.3502
  75  1  -66.8858  -41.1313  -41.0868  -41.0002  -17.7905  -17.7483  -11.2511  -10.4696   -9.8833   -9.4115
          -8.7673   -8.1104   -5.8936   -4.1440   -2.9474   -2.4719   -1.0088    1.5830    2.0859    4.3040
    5.1641    5.8697    6.4753    6.8422    7.3430    7.6571    7.9411    9.3004    9.7821   10.2466
   10.4309   11.6197   12.6650   13.1079   14.0891   14.5233   15.9126   19.7917   20.9648   21.2273
   21.4782   21.6681   27.0222   30.0913   31.2934   31.6020   32.6901   33.2458   40.0382   46.4637
   51.5292   60.1177   60.7549   71.3819  122.6050  124.3432  140.4854
  76  1  -66.8857  -41.1298  -41.0887  -41.0002  -17.7886  -17.7472  -11.2547  -10.4512   -9.9016   -9.4167
          -8.7614   -8.1173   -5.8879   -4.1503   -2.9501   -2.4657   -1.0051    1.6001    2.0560    4.3155
    5.1863    5.8821    6.4697    6.8472    7.3908    7.6462    7.8930    9.4176    9.7009   10.1643
   10.4257   11.5897   12.6266   13.1133   14.0950   14.4897   15.8713   19.8578   21.0895   21.1096
   21.4899   21.6492   26.9682   30.0752   31.2866   31.4997   32.9125   33.0031   40.0616   46.4645
   51.5698   60.0495   60.8611   71.2170  122.5733  124.3629  140.5336
  77  1  -66.8858  -41.1307  -41.0876  -41.0002  -17.7896  -17.7477  -11.2527  -10.4619   -9.8917   -9.4131
          -8.7646   -8.1136   -5.8910   -4.1468   -2.9484   -2.4690   -1.0073    1.5882    2.0750    4.3093
    5.1736    5.8749    6.4737    6.8434    7.3433    7.6780    7.9157    9.3480    9.7312   10.2320
   10.4261   11.6039   12.6532   13.1094   14.0932   14.5054   15.8962   19.8259   20.9609   21.2378
   21.4850   21.6588   26.9818   30.0860   31.2523   31.6001   32.7444   33.1845   40.0492   46.4630
   51.5403   60.0925   60.8009   71.3069  122.5890  124.3451  140.5084
  78  1  -66.8858  -41.1332  -41.0845  -41.0003  -17.7926  -17.7495  -11.2468  -10.4918   -9.8660   -9.4005
          -8.7736   -8.1032   -5.8996   -4.1366   -2.9433   -2.4786   -1.0139    1.5543    2.1294    4.2918
    5.1367    5.8525    6.4856    6.8306    7.2248    7.7663    7.9676    9.2098    9.7550   10.4242
   10.4364   11.6382   12.7439   13.0962   14.0896   14.5482   15.9729   19.7428   20.7956   21.4066
   21.4762   21.6844   26.9957   30.1189   31.1836   31.8701   32.5486   33.4227   40.0166   46.4572
   51.4459   60.2291   60.6276   71.5589  122.6265  124.2785  140.4437
  79  1  -66.8859  -41.1369  -41.0798  -41.0004  -17.7975  -17.7523  -11.2372  -10.5356   -9.8331   -9.3756
          -8.7876   -8.0873   -5.9132   -4.1203   -2.9343   -2.4940   -1.0250    1.5055    2.2118    4.2645
    5.0785    5.8129    6.5026    6.8083    7.0804    7.8835    8.0342    9.0534    9.7655   10.4171
   10.7396   11.6784   12.9138   13.0736   14.0862   14.6133   16.1031   19.6255   20.6187   21.4710
   21.5996   21.7248   26.9817   30.1714   31.1176   32.2652   32.3664   33.6810   39.9727   46.4449
   51.2853   60.3610   60.4687   71.9333  122.6618  124.1428  140.3671
  80  1  -66.8860  -41.1412  -41.0741  -41.0007  -17.8040  -17.7561  -11.2242  -10.5884   -9.8015   -9.3352
          -8.8052   -8.0672   -5.9308   -4.0988   -2.9213   -2.5144   -1.0406    1.4485    2.3146    4.2295
    5.0029    5.7534    6.5187    6.7778    6.9321    8.0163    8.1091    8.8946    9.7794   10.4049
   11.1119   11.7133   13.0440   13.1710   14.0840   14.6974   16.2883   19.4859   20.4465   21.4726
   21.7873   21.8113   26.9298   30.2375   31.0624   32.2027   32.7555   33.9583   39.9271   46.4248
   51.0660   60.0272   60.8174   72.3819  122.6584  123.9195  140.3223
  81  1  -66.8862  -41.1460  -41.0677  -41.0009  -17.8119  -17.7609  -11.2079  -10.6464   -9.7769   -9.2776
          -8.8253   -8.0443   -5.9515   -4.0727   -2.9038   -2.5394   -1.0606    1.3875    2.4327    4.1886
    4.9140    5.6712    6.5233    6.7456    6.7911    8.1569    8.1922    8.7414    9.8025   10.3892
   11.5338   11.7393   13.0165   13.5134   14.0834   14.7970   16.5294   19.3313   20.2941   21.4798
   21.8904   22.0394   26.8447   30.3085   31.0198   32.0612   33.3088   34.2551   39.8893   46.3965
   50.8020   59.6523   61.2774   72.8566  122.5701  123.5951  140.3679
  82  1  -66.8863  -41.1510  -41.0607  -41.0012  -17.8212  -17.7664  -11.1886  -10.7072   -9.7611   -9.2033
          -8.8469   -8.0197   -5.9743   -4.0432   -2.8818   -2.5683   -1.0851    1.3248    2.5628    4.1436
    4.8155    5.5645    6.5005    6.6640    6.7241    8.2656    8.3182    8.5988    9.8362   10.3723
   11.7575   11.9699   13.0182   13.9309   14.0842   14.9085   16.8265   19.1661   20.1763   21.4873
   22.0670   22.2841   26.7387   30.3746   30.9915   31.9444   33.8933   34.5714   39.8681   46.3597
   50.5112   59.2593   61.8462   73.3156  122.3490  123.1624  140.5706
  83  1  -66.8865  -41.1560  -41.0535  -41.0016  -17.8315  -17.7727  -11.1667  -10.7693   -9.7533   -9.1150
          -8.8689   -7.9944   -5.9984   -4.0110   -2.8551   -2.6005   -1.1137    1.2619    2.7025    4.0961
    4.7105    5.4340    6.4415    6.5534    6.7204    8.3528    8.4701    8.4735    9.8803   10.3565
   11.7705   12.3205   13.1359   14.0854   14.4081   15.0287   17.1757   18.9926   20.1102   21.4895
   22.3651   22.5480   26.6278   30.4268   30.9793   31.8535   34.4823   34.9066   39.8715   46.3145
   50.2138   58.8665   62.5164   73.7255  121.9600  122.6222  140.9948
  84  1  -66.8867  -41.1610  -41.0460  -41.0020  -17.8429  -17.7797  -11.1425  -10.8316   -9.7518   -9.0156
          -8.8908   -7.9692   -6.0231   -3.9771   -2.8234   -2.6353   -1.1462    1.1996    2.8498    4.0472
    4.6013    5.2826    6.3533    6.4585    6.7270    8.3576    8.4400    8.6332    9.9340   10.3445
   11.7801   12.4568   13.4773   14.0861   14.9224   15.1552   17.5628   18.8124   20.1163   21.4833
   22.8353   22.8500   26.5319   30.4602   30.9866   31.7860   35.0566   35.2587   39.9069   46.2605
   49.9303   58.4882   63.2765   74.0612  121.3938  121.9819  141.6897
  85  1  -66.8869  -41.1660  -41.0384  -41.0024  -17.8550  -17.7872  -11.1162  -10.8934   -9.7549   -8.9120
          -8.9079   -7.9448   -6.0476   -3.9422   -2.7869   -2.6723   -1.1824    1.1383    3.0026    3.9981
    4.4902    5.1149    6.2454    6.3771    6.7353    8.2623    8.5274    8.7939    9.9967   10.3388
   11.7877   12.4505   13.9396   14.0906   15.2864   15.4403   17.9605   18.6266   20.2185   21.4681
   23.1507   23.6008   26.4798   30.4777   31.0184   31.7351   35.6055   35.6239   39.9817   46.1968
   49.6801   58.1350   64.1106   74.3056  120.6740  121.2540  142.6846
  86  1  -66.8871  -41.1708  -41.0308  -41.0028  -17.8677  -17.7951  -11.0883  -10.9542   -9.7613   -8.9318
          -8.7939   -7.9218   -6.0716   -3.9070   -2.7454   -2.7108   -1.2219    1.0784    3.1586    3.9495
    4.3795    4.9357    6.1243    6.3061    6.7408    8.1841    8.6135    8.9527   10.0676   10.3427
   11.7939   12.3959   14.0690   14.4342   15.4219   15.9168   18.3350   18.4366   20.4371   21.4444
   23.4920   24.6893   26.5202   30.4935   31.0827   31.6910   35.9962   36.1288   40.1032   46.1213
   49.4803   57.8150   64.9989   74.4493  119.8517  120.4526  143.9915
  87  1  -66.8874  -41.1755  -41.0231  -41.0033  -17.8809  -17.8034  -11.0591  -11.0136   -9.7700   -8.9501
          -8.6751   -7.9005   -6.0947   -3.8723   -2.7504   -2.6991   -1.2643    1.0202    3.3140    3.9020
    4.2730    4.7492    5.9949    6.2427    6.7416    8.1219    8.6967    9.1063   10.1462   10.3599
   11.7990   12.3242   14.0575   14.8766   15.5638   16.3070   18.2442   18.6647   20.7693   21.4133
   23.8325   26.1373   26.7402   30.5449   31.1933   31.6445   36.3674   36.6390   40.2785   46.0315
   49.3440   57.5346   65.9171   74.4904  118.9926  119.5903  145.6135
  88  1  -66.8876  -41.1801  -41.0155  -41.0037  -17.8944  -17.8119  -11.0712  -11.0290   -9.7803   -8.9664
          -8.5530   -7.8812   -6.1166   -3.8385   -2.7905   -2.6481   -1.3091    0.9639    3.4608    3.8559
    4.1784    4.5591    5.8609    6.1852    6.7374    8.0741    8.7750    9.2513   10.2319   10.3943
   11.8030   12.2460   14.0373   15.2626   15.7201   16.5863   18.0518   18.9496   21.1719   21.3757
   24.1068   27.2567   27.8223   30.7606   31.3766   31.5960   36.7289   37.1700   40.5138   45.9240
   49.2791   57.3003   66.8365   74.4361  118.1638  118.6743  147.5515
  89  1  -66.8879  -41.1845  -41.0080  -41.0042  -17.9081  -17.8206  -11.1269  -10.9984   -9.7917   -8.9806
          -8.4284   -7.8642   -6.1373   -3.8063   -2.8306   -2.5927   -1.3559    0.9096    3.5796    3.8117
    4.1150    4.3681    5.7256    6.1321    6.7285    8.0384    8.8462    9.3839   10.3241   10.4502
   11.8059   12.1656   14.0088   15.5677   15.9130   16.7585   17.8630   19.2042   21.3329   21.5779
   24.2591   28.1012   29.1467   31.3908   31.6865   31.8574   37.0737   37.7940   40.8123   45.7961
   49.2869   57.1201   67.7224   74.3025  117.4222  117.7041  149.8041
  90  1  -66.8881  -41.1888  -41.0047  -41.0007  -17.9218  -17.8293  -11.1804  -10.9677   -9.8039   -8.9924
          -8.3023   -7.8496   -6.1566   -3.7761   -2.8702   -2.5331   -1.4041    0.8575    3.6298    3.7692
    4.1228    4.1788    5.5916    6.0827    6.7160    8.0125    8.9089    9.5012   10.4223   10.5307
   11.8075   12.0848   13.9721   15.7786   16.1584   16.8420   17.6836   19.4468   21.2861   21.9383
   24.3004   29.0762   29.5788   31.3796   32.2130   33.9417   37.3995   38.6562   41.1713   45.6468
   49.3625   57.0069   68.5331   74.1142  116.6693  116.8088  152.3590
  91  1  -66.8884  -41.1928  -41.0052  -40.9935  -17.9353  -17.8380  -11.2314  -10.9372   -9.8165   -9.0018
          -8.1754   -7.8374   -6.1748   -3.7483   -2.9088   -2.4698   -1.4532    0.8076    3.5952    3.7278
    3.9938    4.2181    5.4611    6.0365    6.7013    7.9937    8.9617    9.6021   10.5259   10.6366
   11.8079   12.0044   13.9271   15.9314   16.4238   16.8520   17.5231   19.6932   21.2367   22.2381
   24.2724   29.6547   29.8625   31.2859   32.9669   36.6343   37.7112   39.9937   41.5800   45.4826
   49.4960   56.9818   69.2194   73.9011  115.5514  116.3470  155.1747
  92  1  -66.8886  -41.1966  -41.0057  -40.9867  -17.9487  -17.8466  -11.2799  -10.9073   -9.8293   -9.0087
          -8.0486   -7.8276   -6.1922   -3.7234   -2.9459   -2.4034   -1.5026    0.7600    3.5132    3.6825
    3.8199    4.3628    5.3359    5.9933    6.6858    7.9795    9.0043    9.6876   10.6344   10.7661
   11.8069   11.9246   13.8742   16.0587   16.6792   16.7955   17.3934   19.9545   21.1866   22.4823
   24.2077   29.6315   30.3669   31.1811   33.6929   38.0176   39.4344   41.9834   42.0221   45.3482
   49.6779   57.0801   69.7245   73.6903  114.3301  116.0442  158.1524
  93  1  -66.8888  -41.2002  -41.0061  -40.9801  -17.9617  -17.8551  -11.3257  -10.8784   -9.8421   -9.0132
          -7.9226   -7.8203   -6.2089   -3.7018   -2.9810   -2.3344   -1.5518    0.7149    3.4136    3.5947
    3.6973    4.5269    5.2171    5.9531    6.6710    7.9679    9.0374    9.7602   10.7468   10.9152
   11.8045   11.8457   13.8141   16.1724   16.6803   16.9144   17.3000   20.2372   21.1390   22.6811
   24.1252   29.5669   30.6963   31.0736   34.1551   38.3378   41.9478   42.5724   44.0599   45.7533
   49.9052   57.3562   69.9877   73.4950  112.9971  115.8966  161.1045
  94  1  -66.8891  -41.2035  -41.0066  -40.9738  -17.9743  -17.8632  -11.3686  -10.8508   -9.8547   -9.0153
          -7.8151   -7.7982   -6.2254   -3.6836   -3.0136   -2.2637   -1.6001    0.6723    3.3084    3.4421
    3.6496    4.6978    5.1059    5.9160    6.6582    7.9568    9.0619    9.8226   10.8621   11.0794
   11.7678   11.8008   13.7476   16.2762   16.5228   17.1266   17.2348   20.5392   21.1019   22.8434
   24.0360   29.4783   30.9339   30.9661   34.3514   38.6857   42.7295   44.3611   44.3773   48.2432
   50.1877   57.8810   69.9533   73.3023  111.5735  115.8943  163.7382
  95  1  -66.8893  -41.2066  -41.0070  -40.9679  -17.9863  -17.8710  -11.4085  -10.8247   -9.8670   -9.0153
          -7.8120   -7.6760   -6.2421   -3.6691   -3.0433   -2.1921   -1.6470    0.6323    3.2028    3.2837
    3.6190    4.8696    5.0029    5.8821    6.6483    7.9446    9.0793    9.8770   10.9783   11.2546
   11.6923   11.7960   13.6755   16.3407   16.3715   17.1861   17.3144   20.8176   21.1222   22.9756
   23.9472   29.3735   30.8573   31.1084   34.3625   39.0748   43.0062   44.1225   45.9754   50.5326
   51.2169   58.7150   69.5893   73.0672  110.1224  116.0256  165.6818
  96  1  -66.8895  -41.2095  -41.0074  -40.9624  -17.9976  -17.8783  -11.4453  -10.8004   -9.8786   -9.0133
          -7.8108   -7.5568   -6.2597   -3.6583   -3.0699   -2.1207   -1.6919    0.5951    3.0998    3.1319
    3.5942    4.9082    5.0393    5.8515    6.6421    7.9300    9.0912    9.9249   11.0914   11.4369
   11.6225   11.7909   13.5984   16.1458   16.4586   17.1463   17.4765   20.9061   21.3681   23.0812
   23.8651   29.2579   30.7413   31.2147   34.2673   39.5120   43.0994   43.8020   46.9918   50.9060
   53.9132   59.8602   68.9147   72.7250  108.7407  116.2788  166.5768
  97  1  -66.8897  -41.2121  -41.0078  -40.9573  -18.0081  -17.8852  -11.4789  -10.7781   -9.8896   -9.0097
          -7.8111   -7.4413   -6.2786   -3.6510   -3.0930   -2.0507   -1.7343    0.5607    2.9895    3.0014
    3.5734    4.8229    5.2037    5.8245    6.6397    7.9122    9.0991    9.9673   11.1905   11.5690
   11.6206   11.7886   13.5168   15.9447   16.5380   17.1120   17.6114   20.8895   21.7552   23.1603
   23.7966   29.1354   30.6091   31.2264   34.1383   39.9946   42.9726   43.4543   47.5994   51.2415
   56.0637   61.2491   68.0275   72.2213  107.5267  116.6407  166.2095
  98  1  -66.8898  -41.2145  -41.0081  -40.9527  -18.0178  -17.8915  -11.5092  -10.7578   -9.8998   -9.0048
          -7.8128   -7.3301   -6.2995   -3.6471   -3.1126   -1.9832   -1.7736    0.5292    2.8580    2.9091
    3.5560    4.7467    5.3612    5.8012    6.6405    7.8908    9.1040   10.0047   11.2474   11.5606
   11.7495   11.8430   13.4308   15.7415   16.6094   17.0819   17.7177   20.8612   22.1891   23.2100
   23.7505   29.0084   30.4492   31.1098   34.0425   40.5067   42.6143   43.1016   47.9976   51.5095
   57.5132   62.8001   67.1120   71.5463  106.5429  117.0932  164.6109
  99  1  -66.8900  -41.2166  -41.0084  -40.9485  -18.0265  -17.8971  -11.5360  -10.7397   -9.9091   -8.9990
          -7.8154   -7.2240   -6.3228   -3.6460   -3.1288   -1.9198   -1.8090    0.5009    2.7387    2.8243
    3.5417    4.6798    5.5102    5.7814    6.6431    7.8659    9.1069   10.0377   11.2368   11.6233
   11.7563   12.0198   13.3403   15.5390   16.6730   17.0556   17.7947   20.8355   22.6534   23.2268
   23.7349   28.8760   30.2504   30.8514   34.0228   41.0083   42.0697   42.7596   48.3039   51.7296
   58.1906   64.4620   66.3896   70.7487  105.8011  117.6102  162.0511
 100  1  -66.8902  -41.2184  -41.0087  -40.9449  -18.0342  -17.9021  -11.5595  -10.7240   -9.9174   -8.9928
          -7.8186   -7.1235   -6.3491   -3.6471   -3.1419   -1.8653   -1.8367    0.4759    2.6327    2.7483
    3.5302    4.6221    5.6496    5.7651    6.6454    7.8383    9.1085   10.0664   11.1865   11.7307
   11.7506   12.2071   13.2447   15.3401   16.7286   17.0331   17.8432   20.8155   23.1415   23.2142
   23.7502   28.7314   30.0068   30.4777   34.0813   41.1839   41.6927   42.4412   48.5630   51.9380
   58.1662   65.9864   66.2106   69.9180  105.2736  118.1570  158.9341
 101  1  -66.8903  -41.2199  -41.0089  -40.9418  -18.0408  -17.9064  -11.5794  -10.7106   -9.9245   -8.9865
          -7.8221   -7.0294   -6.3786   -3.6497   -3.1521   -1.8723   -1.8051    0.4542    2.5409    2.6822
    3.5211    4.5735    5.7522    5.7787    6.6446    7.8094    9.1092   10.0910   11.1254   11.7439
   11.8557   12.3905   13.1437   15.1480   16.7762   17.0144   17.8661   20.8020   23.1834   23.6486
   23.7875   28.5562   29.7274   30.0418   34.1929   40.5417   42.0332   42.1564   48.7807   52.1642
   57.6862   65.8425   68.0219   69.1492  104.9149  118.6932  155.6704
 102  1  -66.8904  -41.2212  -41.0091  -40.9392  -18.0463  -17.9100  -11.5957  -10.6996   -9.9304   -8.9807
          -7.8255   -6.9423   -6.4117   -3.6530   -3.1598   -1.8945   -1.7611    0.4362    2.4643    2.6268
    3.5142    4.5341    5.7424    5.8962    6.6382    7.7813    9.1095   10.1112   11.0661   11.7375
   11.9879   12.5645   13.0366   14.9674   16.8155   16.9995   17.8688   20.7943   23.1466   23.8360
   24.1714   28.3139   29.4484   29.6006   34.3268   39.8655   41.9133   42.3734   48.9490   52.4174
   57.0358   65.8209   68.5062   69.8455  104.6795  119.1771  152.5980
 103  1  -66.8905  -41.2222  -41.0093  -40.9372  -18.0505  -17.9128  -11.6084  -10.6910   -9.9351   -8.9757
          -7.8285   -6.8634   -6.4477   -3.6563   -3.1653   -1.9126   -1.7250    0.4220    2.4038    2.5829
    3.5092    4.5036    5.7352    6.0002    6.6245    7.7563    9.1096   10.1272   11.0147   11.7321
   12.1231   12.7218   12.9235   14.8050   16.8464   16.9884   17.8585   20.7909   23.1120   23.8864
   24.7079   27.9625   29.2033   29.2242   34.4574   39.2986   41.7177   42.6289   49.0635   52.6802
   56.4122   65.8317   68.0239   71.5678  104.5302  119.5733  149.9663
 104  1  -66.8905  -41.2229  -41.0094  -40.9358  -18.0536  -17.9148  -11.6175  -10.6849   -9.9385   -8.9719
          -7.8309   -6.7949   -6.4852   -3.6592   -3.1691   -1.9258   -1.6985    0.4117    2.3601    2.5511
    3.5058    4.4820    5.7305    6.0863    6.6048    7.7367    9.1096   10.1388   10.9752   11.7280
   12.2583   12.8051   12.8519   14.6713   16.8687   16.9807   17.8433   20.7901   23.0845   23.9305
   25.2567   27.5004   28.8893   29.0806   34.5648   38.8844   41.5746   42.7989   49.1307   52.9140
   55.9209   65.8413   67.6979   73.0239  104.4404  119.8590  147.9546
 105  1  -66.8906  -41.2233  -41.0095  -40.9349  -18.0554  -17.9160  -11.6230  -10.6812   -9.9406   -8.9695
          -7.8324   -6.7426   -6.5188   -3.6611   -3.1712   -1.9338   -1.6822    0.4055    2.3336    2.5318
    3.5039    4.4690    5.7277    6.1463    6.5855    7.7243    9.1095   10.1457   10.9504   11.7255
   12.3884   12.6855   12.9404   14.5807   16.8821   16.9763   17.8306   20.7903   23.0670   23.9610
   25.8139   26.9702   28.6881   29.0053   34.6350   38.6361   41.4872   42.8941   49.1633   53.0755
   55.6121   65.8447   67.5129   74.0127  104.3928  120.0274  146.6920
 106  1  -66.8906  -41.2234  -41.0095  -40.9346  -18.0561  -17.9164  -11.6248  -10.6800   -9.9412   -8.9686
          -7.8329   -6.7210   -6.5341   -3.6617   -3.1719   -1.9365   -1.6767    0.4034    2.3248    2.5254
    3.5033    4.4647    5.7269    6.1686    6.5769    7.7200    9.1095   10.1481   10.9419   11.7246
   12.4736   12.6038   12.9722   14.5482   16.8867   16.9749   17.8258   20.7905   23.0610   23.9720
   26.2849   26.5038   28.6188   28.9821   34.6594   38.5539   41.4578   42.9245   49.1727   53.1332
   55.5072   65.8452   67.4532   74.3647  104.3780  120.0825  146.2613

siesta: Program's energy decomposition (eV):
siesta: Ebs     =      -575.677548
siesta: Eions   =      4469.017586
siesta: Ena     =      1260.118442
siesta: Ekin    =       812.718802
siesta: Enl     =       314.795020
siesta: Eso     =         0.000000
siesta: Edftu   =         0.000000
siesta: DEna    =        18.689244
siesta: DUscf   =         0.816502
siesta: DUext   =         0.000000
siesta: Ex      =      -415.461763
siesta: Ec      =       -37.336535
siesta: Exc     =      -452.798298
siesta: EbV     =         0.000000
siesta: eta*DQ  =         0.000000
siesta: Emadel  =         0.000000
siesta: Emeta   =         0.000000
siesta: Emolmec =         0.000000
siesta: Ekinion =         0.000000
siesta: Eharris =     -2514.677874
siesta: Etot    =     -2514.677874
siesta: FreeEng =     -2514.677874

siesta: Final energy (eV):
siesta:  Band Struct. =    -575.677548
siesta:       Kinetic =     812.718802
siesta:       Hartree =    3446.885381
siesta:         Edftu =       0.000000
siesta:       Eso     =       0.000000
siesta:    Ext. field =       0.000000
siesta:         Exch. =    -415.461763
siesta:         Corr. =     -37.336535
siesta:     Bulk bias =       0.000000
siesta:   Exch.-corr. =    -452.798298
siesta:  Ion-electron =   -7826.487102
siesta:       Ion-ion =    1505.003342
siesta:       Ekinion =       0.000000
siesta: D3 dispersion =       0.000000
siesta:         Total =   -2514.677874
siesta:         Fermi =      -5.001356

siesta: Stress tensor (static) (eV/Ang**3):
siesta:    -0.005226    0.000002   -0.000000
siesta:     0.000002   -0.005224   -0.000000
siesta:    -0.000000   -0.000000    0.000460

siesta: Cell volume =        107.337059 Ang**3

siesta: Pressure (static):
siesta:                Solid            Molecule  Units
siesta:           0.00003627          0.00003823  Ry/Bohr**3
siesta:           0.00332994          0.00350995  eV/Ang**3
siesta:           5.33515123          5.62356555  kBar

Basis Enthalpy Calculation:
    Basis Pressure for species 1(Mo) :      0.2000000 GPa
    Basis Pressure for species 2(S) :      0.2000000 GPa

    Orbital volume contribution        =           8.698044 eV
    (Free)E + p_basis*V_orbitals       =       -2505.979830 eV
    (Free)Eharris+ p_basis*V_orbitals  =       -2505.979830 eV
WARNING: BASIS_ENTHALPY and BASIS_HARRIS_ENTHALPY files are deprecated. They will be removed in future releases.
Please use system_label.BASIS_ENTHALPY in your scripts instead.

siesta: Electric dipole (a.u.)  =    0.000000    0.000000    0.000004
siesta: Electric dipole (Debye) =    0.000000    0.000000    0.000011

cite: Please indicate the Siesta version in published work: 5.4.2
cite: This calculation has made use of features in the following articles
cite: which we encourage you to cite in published work.
cite: (Please see "mos2.bib" for a BibTeX file.)
        Primary SIESTA paper
          DOI: www.doi.org/10.1088/0953-8984/14/11/302
        PSML pseudopotential format
          DOI: www.doi.org/10.1016/j.cpc.2018.02.011


timer: Elapsed wall time (sec) =      34.206
timer: CPU execution times (sec):

Routine            Calls   Time/call    Tot.time        %
siesta                 1      33.543      33.543   100.00
Setup                  1       0.242       0.242     0.72
bands                  3       0.075       0.224     0.67
KSV_init               1       0.000       0.000     0.00
IterGeom               1      33.058      33.058    98.55
geom_init              1      10.168      10.168    30.31
state_init             1       4.511       4.511    13.45
hsparse                1       0.020       0.020     0.06
overlap                1       0.017       0.017     0.05
Setup_H0               1       2.664       2.664     7.94
naefs                  2       0.000       0.000     0.00
dnaefs                 1       0.000       0.000     0.00
two-body               1       0.000       0.000     0.00
MolMec                 2       0.000       0.000     0.00
kinefsm                2       0.018       0.035     0.11
nlefsm                 2       0.203       0.406     1.21
DHSCF_Init             1       2.508       2.508     7.48
DHSCF1                 1       0.067       0.067     0.20
InitMesh               1       0.067       0.067     0.20
INITMESH               1       0.000       0.000     0.00
DHSCF2                 1       2.441       2.441     7.28
REMESH                 1       0.465       0.465     1.39
REORD                 27       0.000       0.004     0.01
PHION                  1       1.823       1.823     5.44
COMM_BSC              27       0.000       0.004     0.01
POISON                 7       0.004       0.029     0.09
fft                   14       0.001       0.019     0.06
setup_H                5       3.026      15.128    45.10
DHSCF                  6       3.973      23.837    71.06
DHSCF3                 6       3.103      18.616    55.50
rhoofd                 6       1.681      10.088    30.07
XC                     6       0.105       0.631     1.88
GXC-CellXC             6       0.105       0.629     1.88
gridxc@cellXC          6       0.105       0.629     1.88
vmat                   6       1.310       7.858    23.43
IterSCF                4       3.468      13.872    41.36
compute_dm             4       0.433       1.730     5.16
diagon                 4       0.432       1.729     5.16
c-eigval             422       0.002       0.757     2.26
c-buildHS            422       0.001       0.610     1.82
cdiag                738       0.000       0.317     0.94
cdiag1               738       0.000       0.021     0.06
cdiag2               738       0.000       0.069     0.21
cdiag3               738       0.000       0.212     0.63
c-eigvec             316       0.002       0.607     1.81
cdiag4               316       0.000       0.004     0.01
c-buildD             316       0.002       0.586     1.75
MIXER                  3       0.001       0.002     0.01
PostSCF                1       9.017       9.017    26.88
FINAL_HF               1       9.017       9.017    26.88
DHSCF4                 1       5.221       5.221    15.57
dfscf                  1       5.065       5.065    15.10
overfsm                1       0.018       0.018     0.05
writeHSX               1       0.001       0.001     0.00
state_analysis         1       0.000       0.000     0.00
siesta_move            1       0.000       0.000     0.00
Analysis               1       0.232       0.232     0.69
optical                1       0.000       0.000     0.00
  

>> End of run:  27-MAY-2026  12:28:35
Job completed
